"stars","nwrd","nrev"
1,21,1
5,28,12
3,6,7
5,89,24
4,8,11
5,46,17
4,233,56
5,22,33
5,86,8
5,74,320
1,40,1698
5,132,103
5,147,2
1,34,9
4,42,31
4,104,296
1,40,16
4,85,171
4,7,1
5,24,19
5,35,5
5,198,93
1,118,32
1,107,21
4,226,5
5,11,63
5,31,12
1,180,116
4,170,26
4,28,195
1,117,296
4,38,195
4,29,201
3,83,207
5,61,7
5,43,180
5,45,578
3,63,103
4,56,297
3,84,31
5,57,285
4,32,24
5,38,55
4,50,3
5,16,14
4,14,114
5,55,3
4,103,3
2,168,128
4,51,2
2,121,53
1,80,2
4,103,115
5,55,8
4,68,9
4,17,5
3,56,7
3,158,32
5,27,9
4,8,578
5,108,670
4,135,75
5,53,14
3,163,14
2,174,7
4,33,128
5,46,16
4,238,11
5,34,87
4,142,160
5,163,12
1,25,41
3,54,28
3,59,24
4,32,215
4,5,7
2,97,4
4,126,83
1,36,18
4,75,114
5,19,14
5,59,5
4,26,6
1,32,2
4,144,369
4,12,161
4,102,2
5,60,109
5,12,1
4,49,38
5,71,64
4,78,156
1,77,23
1,67,13
4,76,93
1,75,25
5,17,10
1,428,73
5,42,180
4,44,112
4,16,1104
1,29,1
3,16,703
3,79,36
5,191,38
5,61,4
2,30,12
4,66,103
4,79,69
5,136,127
5,69,34
4,136,161
4,66,11
5,53,164
4,89,1
1,114,3
2,35,21
5,52,40
2,34,24
3,58,51
4,49,45
4,87,3
5,42,468
4,115,1
5,46,24
4,7,10
4,26,225
5,181,106
5,302,115
5,42,4
3,64,112
3,50,2
5,85,7
4,56,3
4,12,223
4,31,60
5,94,4
1,167,13
3,250,220
5,30,4
3,16,29
2,70,5
5,40,3
5,125,412
5,2,71
5,51,173
4,59,21
5,52,15
5,24,22
4,59,22
5,24,3
5,15,6
5,157,670
5,41,4
5,25,5
3,78,83
4,32,63
4,106,9
4,61,26
2,7,15
5,7,6
5,37,448
5,21,13
3,100,162
5,4,13
4,82,71
1,36,156
5,75,1
1,48,2
3,186,260
4,126,10
5,228,12
4,58,2
4,23,5
4,9,25
5,65,1
3,112,539
2,68,180
2,8,4
3,86,58
2,9,35
4,17,5
2,96,45
5,18,13
3,223,15
5,23,131
3,111,180
4,150,377
5,31,163
4,56,5
2,111,131
3,86,103
5,116,1
5,13,3
5,73,28
1,201,3
4,285,539
3,38,83
2,38,3
4,17,93
2,108,3
2,81,14
5,32,22
3,27,12
4,5,19
4,146,54
1,79,1
5,6,6
5,139,17
2,108,14
5,94,4
5,78,2
4,41,4
4,28,59
4,37,169
5,19,6
4,61,7
4,48,3
2,84,1
4,113,29
5,6,29
1,29,1
4,125,45
5,101,6
5,333,100
5,120,12
5,47,2
5,58,175
4,256,39
5,30,9
4,118,20
2,223,3
5,30,2
4,32,13
3,11,172
4,90,236
5,9,12
4,91,5
3,52,512
5,7,13
4,10,65
4,173,160
4,61,46
5,39,126
5,108,3
2,116,124
4,78,11
5,20,85
4,194,139
1,103,11
4,18,13
4,99,448
4,107,670
5,13,3
3,73,45
5,72,81
5,20,3
2,114,65
5,38,1
4,7,9
1,23,5
5,131,101
5,49,185
5,35,661
4,103,2
3,58,708
5,52,3
5,10,6
5,40,19
4,110,449
4,49,10
1,51,1
5,12,12
5,149,24
1,135,2
2,52,78
3,43,326
2,48,6
5,61,15
5,40,10
3,12,46
1,51,14
3,62,17
4,105,63
2,186,6
4,67,83
5,35,31
1,136,3
2,140,4
5,15,2
5,70,12
4,331,46
3,84,5
4,64,24
4,64,154
5,84,8
4,73,212
5,3,2
3,36,188
5,59,297
5,35,11
3,105,297
4,38,149
5,159,102
4,22,18
5,47,21
5,35,9
5,23,4
5,51,13
3,165,5
5,157,8
4,171,96
5,131,19
5,3,23
1,134,1
5,24,4
5,174,104
4,24,27
3,30,6
1,124,6
5,16,19
4,117,103
5,124,134
3,43,151
2,39,35
2,108,11
4,116,493
5,29,15
4,78,17
4,81,216
1,202,21
4,80,10
1,133,10
2,183,369
4,83,143
1,41,1
4,430,178
1,82,7
5,55,4
5,196,1
5,20,4
4,226,30
2,164,21
2,81,4
5,49,17
2,60,67
2,157,290
1,43,11
5,21,7
3,6,43
5,40,62
1,142,1
5,20,298
5,139,15
4,40,41
2,44,25
4,78,791
1,171,6
5,45,6
4,61,11
5,43,3
5,26,61
3,21,3
5,39,1
5,90,4
5,3,2
5,85,30
3,41,2
4,74,14
4,54,48
2,229,209
4,39,145
4,28,51
2,6,23
4,206,108
4,103,6
3,142,584
4,47,146
5,27,6
1,94,49
3,22,19
5,6,17
2,103,449
3,208,139
4,64,146
3,35,115
3,102,83
5,72,7
5,17,6
2,17,26
4,77,4
5,25,132
3,93,20
5,128,2
3,23,36
3,52,2
4,189,71
5,120,19
5,69,4
3,30,75
3,147,66
5,122,41
5,89,5
1,159,1
4,6,4
3,110,438
1,114,1
3,148,5
1,4,22
4,13,87
5,249,232
3,68,96
5,374,222
5,24,24
3,77,13
4,43,210
3,65,231
2,44,132
1,159,3
3,72,64
5,125,189
5,32,33
3,80,26
5,17,3
4,40,4
3,164,132
4,136,134
4,35,130
1,251,33
5,113,5
2,26,4
1,98,13
4,188,27
4,161,216
5,142,1
2,97,67
4,9,3
5,27,6
5,30,15
4,46,1
4,34,78
5,34,14
5,56,114
3,59,78
3,29,55
4,71,24
5,96,4
5,3,6
5,35,18
4,109,156
3,121,83
2,181,33
5,113,25
2,36,31
4,49,187
3,4,6
4,287,19
3,70,24
4,31,105
3,72,15
2,134,157
5,65,5
5,110,29
5,154,96
4,63,20
5,118,4
4,73,448
1,106,2
3,47,24
4,77,7
4,31,66
2,16,2
4,126,16
4,26,102
2,43,3
4,19,105
1,103,9
1,137,32
4,140,879
4,168,97
3,37,9
4,146,592
5,40,3
5,46,11
5,35,4
5,75,25
3,80,244
5,99,96
5,85,6
1,189,6
5,251,161
2,23,4
2,174,209
2,10,206
5,51,6
1,201,44
3,68,661
4,93,295
5,24,23
5,55,33
5,26,3
4,66,6
1,272,4
4,48,7
5,131,5
3,152,24
4,58,15
3,248,33
5,49,14
2,93,159
4,8,1
5,112,1
3,75,147
3,180,22
2,18,7
4,36,35
5,98,171
4,178,103
4,34,14
2,231,2
4,46,7
5,12,13
2,59,17
5,77,3
2,25,27
3,24,150
2,229,39
5,81,6
4,54,34
2,127,48
4,58,360
4,81,41
5,45,153
5,46,15
1,575,17
5,19,95
4,15,8
5,80,11
4,92,189
2,91,180
4,120,18
4,157,169
4,81,611
4,18,32
4,166,180
5,30,1
4,79,85
5,55,60
5,207,3
5,51,12
5,67,8
4,147,51
5,20,26
3,33,49
4,31,9
4,228,34
5,4,1
4,61,45
1,108,45
3,267,10
2,10,9
5,180,43
3,197,76
5,13,14
5,108,60
5,14,15
4,70,10
1,136,62
4,120,21
5,14,5
5,274,143
2,84,66
4,107,320
5,114,6
5,103,3
2,40,66
5,38,12
5,287,670
4,20,342
1,28,25
5,124,232
5,16,6
5,21,11
2,121,70
2,45,6
5,9,23
3,34,173
5,58,45
5,10,11
5,55,140
5,25,76
5,86,12
5,14,3
5,28,3
5,76,1
5,5,1
4,40,18
2,241,73
5,67,1
4,35,661
4,28,63
4,41,19
5,106,112
5,22,134
5,16,2
2,364,219
5,22,14
5,25,6
5,93,50
4,39,180
4,31,15
4,35,3
5,25,2
5,10,18
5,28,19
5,58,112
5,2,3
1,269,7
4,34,65
5,42,1
4,19,20
5,48,342
4,4,125
5,175,91
5,50,273
5,28,83
4,251,314
3,109,19
2,158,61
3,120,24
4,68,6
4,60,18
4,59,87
4,42,173
2,213,11
4,46,2
5,28,1
5,126,25
4,13,26
4,59,81
1,287,4
2,82,569
3,109,215
5,94,21
4,83,117
5,144,2
5,99,41
4,182,49
5,12,32
5,15,195
5,146,24
1,14,7
1,21,6
4,41,1467
4,65,31
1,47,135
4,37,57
5,8,2
4,62,40
5,44,140
5,213,21
4,75,9
4,5,43
4,345,224
5,189,592
5,105,967
5,78,32
3,41,13
4,28,2
5,44,2
4,43,3
4,52,48
4,44,17
4,13,92
2,137,1
4,83,11
2,77,26
4,40,17
4,48,20
5,74,91
1,76,64
5,22,2
5,26,47
4,39,46
4,211,27
5,95,325
2,12,61
5,23,36
3,47,122
4,69,32
4,47,12
4,52,1
4,5,5
5,95,12
1,194,82
5,9,31
3,40,45
4,70,88
3,37,180
1,5,5
5,30,32
1,37,10
2,142,3
4,99,592
2,60,8
3,29,136
1,287,3
5,21,1
1,59,2
5,67,97
2,185,13
1,64,26
3,21,43
2,71,9
3,255,69
5,122,285
5,5,1
5,46,5
5,14,8
5,49,11
3,367,69
3,113,294
4,16,66
5,95,36
4,137,116
5,35,113
3,33,342
4,175,296
1,12,8
5,10,16
1,50,5
5,45,2
2,219,7
3,17,44
5,110,143
4,98,2
5,101,157
5,183,20
4,38,48
4,44,5
2,130,306
4,94,285
4,43,45
4,59,81
4,63,69
3,131,237
5,82,38
4,60,47
4,32,210
5,169,9
5,69,69
5,10,4
2,22,3
5,36,6
3,61,17
4,1,13
1,88,25
4,230,110
1,30,3
5,6,2
4,18,8
4,43,6
2,88,45
4,51,74
5,217,93
5,183,6
5,20,7
4,62,19
5,72,6
5,84,2
5,62,15
4,28,16
5,20,1
5,5,11
4,146,75
5,321,221
3,22,33
5,67,2
3,63,21
4,102,90
5,25,24
4,30,15
5,24,7
3,104,109
4,8,3
5,176,584
4,8,8
3,51,111
4,27,45
5,206,50
4,38,45
3,37,81
4,101,5
5,8,5
3,46,12
5,68,681
4,40,38
5,73,290
2,109,19
4,64,155
2,40,25
3,16,139
5,42,51
5,4,12
3,20,21
1,6,60
3,61,17
4,6,19
1,53,2
4,99,5
5,22,1
5,251,1
3,8,117
5,14,1
1,3,4
1,21,2
5,37,23
1,234,12
3,82,36
5,55,15
1,75,12
5,49,2
5,72,59
5,72,17
4,50,40
4,75,318
5,33,18
3,157,51
4,20,41
4,52,377
3,53,15
1,90,3
3,89,42
5,64,18
5,62,83
4,141,94
2,292,489
3,30,558
2,91,11
2,96,25
3,91,377
5,57,12
3,13,152
4,10,23
4,22,165
2,210,15
5,32,216
1,93,7
5,19,5
5,42,15
4,134,578
5,97,2
2,37,6
5,116,1
2,155,128
5,55,12
2,109,23
1,308,98
5,58,15
5,13,10
4,56,80
5,49,14
4,49,19
4,8,11
2,93,1
5,81,1
1,91,2
4,34,29
5,5,2
1,10,67
4,96,24
5,3,1
5,64,15
4,17,17
4,70,5
5,2,3
4,32,92
3,42,1698
5,9,5
5,20,7
1,260,21
5,34,92
3,6,317
4,122,69
5,27,8
3,60,59
4,85,76
3,14,7
4,9,15
4,33,188
5,89,41
5,420,21
5,7,3
4,74,58
4,2,32
1,157,3
2,109,39
5,18,7
4,29,18
4,33,195
5,28,4
5,58,10
3,2,56
5,45,23
5,186,156
5,27,3
5,38,29
1,10,69
5,65,3
2,426,48
5,253,69
5,101,14
1,139,253
4,25,9
5,55,143
5,63,162
5,61,15
4,25,15
4,26,48
5,164,169
5,7,3
1,113,24
5,135,41
4,78,221
5,28,66
2,143,158
4,10,73
5,13,7
5,5,17
4,52,94
4,45,112
4,74,24
4,32,6
5,46,4
5,49,5
5,46,6
5,50,41
5,62,13
5,13,9
5,84,204
5,16,1
2,68,5
4,9,24
4,29,2
5,94,2
4,13,7
5,52,18
5,33,41
4,5,4
5,44,48
4,81,33
3,319,1698
4,42,211
4,223,7
5,52,7
5,59,33
4,138,4
5,29,5
3,39,900
5,12,11
5,128,54
4,8,10
4,62,10
5,38,2
4,13,45
5,12,2
5,45,4
5,17,11
5,76,12
5,48,1198
2,155,9
1,56,52
5,258,24
5,24,132
2,73,185
5,47,3
2,64,19
1,172,7
5,29,1
1,143,33
4,51,4
1,25,8
4,30,2
4,57,216
1,47,12
3,63,578
4,15,342
5,119,19
4,100,15
5,75,224
4,30,188
2,47,6
4,31,66
5,21,3
5,38,73
2,100,9
2,61,32
4,29,8
5,6,14
2,90,46
4,41,121
4,22,169
5,16,6
4,148,169
5,10,2
2,76,157
1,103,12
4,29,34
3,104,19
3,49,45
4,324,71
4,72,36
3,69,169
5,34,2
5,22,49
4,90,47
2,111,2
5,25,2
4,126,539
5,18,67
3,32,180
5,276,1698
5,2,3
2,33,23
5,9,7
5,110,108
5,21,112
5,55,34
5,67,1
5,41,230
5,154,326
2,52,90
5,29,2
5,24,27
3,8,173
5,23,9
4,7,11
5,72,2
5,36,25
5,11,3
4,140,342
5,112,113
5,269,2
5,30,5
5,42,7
2,109,19
4,106,2
4,44,8
1,113,5
1,64,6
5,46,39
5,12,6
3,122,14
4,61,4
5,180,29
4,31,95
4,50,7
3,166,7
5,46,50
4,121,83
5,180,290
4,129,23
4,88,63
5,108,4
4,22,6
3,58,75
2,119,18
3,13,39
2,35,141
4,46,201
5,52,16
5,57,12
2,49,15
5,176,2
5,74,699
2,38,132
4,232,7
5,42,2
3,104,578
5,22,16
5,71,239
4,41,7
5,24,3
5,30,14
5,62,97
2,72,13
1,7,15
1,276,1
4,53,19
4,88,3
2,203,17
5,105,147
2,120,19
2,153,112
4,88,115
5,23,105
5,15,12
4,132,9
4,54,448
5,27,6
4,50,231
3,255,314
4,49,66
2,631,2
5,64,10
5,121,326
5,16,9
4,29,45
5,105,1
3,106,369
4,45,24
4,10,80
4,41,19
5,6,16
2,38,1
5,27,4
4,80,289
2,77,29
1,12,7
5,50,96
3,150,20
4,57,4
5,30,37
2,37,3
5,28,116
3,65,11
5,114,6
1,34,6
2,71,14
3,97,115
4,84,29
2,25,102
1,11,16
3,13,44
3,51,234
4,15,21
5,182,4
5,18,1
4,215,584
1,36,209
2,152,13
4,249,96
2,71,314
3,38,31
4,96,285
4,87,12
5,30,13
4,55,111
5,5,13
5,70,85
4,38,1
1,58,3
3,103,66
5,64,4
2,31,4
4,22,91
5,28,1
5,29,5
5,32,4
5,44,7
5,5,9
5,36,84
4,3,58
4,31,4
2,31,112
5,81,21
2,70,100
4,52,15
4,63,3
4,44,69
4,185,232
4,90,21
5,113,8
3,34,56
5,14,4
5,57,2
3,125,31
5,70,12
5,3,3
4,188,5
5,53,18
5,46,11
1,57,22
5,71,1
3,76,8
5,42,36
3,125,2
4,76,53
4,25,14
5,5,1
5,34,6
4,103,3
4,20,7
5,65,2
5,37,3
3,21,4
5,61,1698
5,1,12
2,52,15
5,56,45
4,14,36
5,50,110
5,202,1698
5,2,1
3,159,21
2,141,23
4,15,134
5,83,78
5,68,376
4,31,138
5,71,21
4,151,66
4,78,60
4,49,65
4,20,8
4,41,7
1,86,3
4,26,42
4,57,10
5,77,3
5,58,8
5,20,13
3,14,10
2,184,98
4,24,8
5,24,5
3,187,319
4,36,9
5,442,40
1,16,12
4,72,308
4,103,46
3,209,578
4,37,101
2,110,2
3,25,233
5,24,3
3,49,122
4,80,34
5,24,59
5,170,290
5,6,23
5,193,20
4,36,289
4,281,9
5,38,3
5,19,2
1,88,1
2,94,1
5,289,5
2,23,20
4,17,38
5,167,103
3,172,430
3,188,479
5,23,44
4,158,11
4,54,7
1,167,2
4,177,481
5,13,93
5,74,100
4,37,3
3,13,15
5,45,29
5,43,2
5,41,73
4,60,20
5,45,3
4,127,96
3,104,6
4,111,14
5,27,4
5,7,54
5,58,6
5,30,112
5,40,24
4,108,493
4,93,2
4,55,115
4,6,39
3,28,13
1,22,28
4,47,5
5,16,5
3,236,42
5,37,1
4,27,5
1,132,1
4,161,1
5,50,101
5,68,9
2,24,22
5,56,561
4,5,3
5,7,9
4,101,360
5,141,92
5,58,1
3,76,574
5,45,3
4,82,180
3,98,5
5,139,2
5,138,106
5,17,132
5,200,1
5,36,4
5,129,8
4,15,12
4,43,23
5,27,14
5,31,31
5,2,3
4,16,17
4,33,11
4,12,45
5,165,25
3,121,33
3,29,76
4,7,82
2,87,94
4,65,19
5,76,44
1,84,27
2,19,12
5,119,325
4,33,70
4,21,22
5,14,15
4,91,139
4,144,296
2,22,132
4,8,6
2,30,6
1,21,4
1,37,1698
4,132,22
2,39,14
5,77,6
5,20,101
4,55,66
1,41,15
5,23,3
5,27,106
5,84,8
5,57,19
5,109,48
5,4,38
5,27,114
4,37,8
4,154,20
5,59,27
1,69,3
5,5,4
5,139,137
5,77,83
5,69,3
5,44,76
5,151,279
5,32,7
5,63,45
5,11,9
4,66,150
1,109,163
1,211,13
4,153,216
3,140,45
4,12,50
5,56,166
5,43,326
3,26,17
5,35,41
4,2,85
4,347,14
4,21,8
5,78,23
5,104,83
5,56,3
2,38,56
1,3,8
4,31,7
5,91,5
2,39,2
4,2,15
4,20,27
2,395,69
1,34,15
1,48,7
2,26,13
5,45,7
5,47,48
4,62,24
3,122,41
4,270,3
4,9,7
1,58,13
3,54,112
5,43,8
5,42,8
5,55,85
2,81,10
4,47,285
3,31,87
5,9,2
5,51,1698
1,17,6
1,40,1
4,164,141
4,103,136
5,69,3
4,51,26
5,83,87
5,29,21
3,61,85
4,101,171
3,76,14
4,36,6
4,147,1253
1,26,1
5,82,2
4,14,17
5,23,14
3,28,8
4,34,27
5,88,8
5,76,34
5,4,6
5,52,3
1,55,4
4,244,127
4,20,134
4,7,5
5,118,5
4,212,71
5,92,3
2,214,273
4,88,231
5,32,3
5,135,2
5,42,369
5,40,295
5,57,215
4,94,344
4,26,112
2,58,29
5,23,3
1,113,2
3,128,20
4,81,89
5,169,18
2,31,2
1,57,8
1,220,2
1,57,1
4,23,87
4,68,479
1,80,114
5,60,475
5,12,5
2,75,11
3,149,9
4,122,30
4,142,29
4,38,130
4,10,76
5,22,6
4,133,9
4,176,83
4,193,6
2,70,26
5,12,116
1,38,1
4,144,41
5,79,3
3,14,19
5,189,134
1,4,12
5,19,19
1,46,6
3,64,6
5,16,6
2,162,20
5,83,2
2,60,9
5,35,112
3,206,12
3,20,112
5,43,108
4,16,12
4,57,320
5,20,7
5,202,8
2,63,2
5,34,12
5,168,92
5,97,53
5,7,14
5,46,25
5,16,2
1,66,2
5,35,38
5,50,14
3,361,14
1,38,360
5,98,2
5,137,4
3,225,215
2,147,166
5,67,9
5,26,15
4,70,4
4,60,1698
4,46,27
3,34,234
3,6,7
5,21,3
3,40,1
3,20,5
5,162,11
2,201,6
5,25,8
3,20,49
5,83,3
2,214,93
4,128,16
5,39,3
3,26,105
5,7,5
2,62,9
4,19,133
5,30,8
5,19,87
5,49,14
4,76,16
1,181,17
4,77,10
5,26,127
5,68,215
4,59,11
4,11,15
5,93,25
5,69,112
4,114,83
5,16,4
1,63,5
5,80,14
5,48,21
5,42,2
2,108,16
1,293,1
4,226,112
5,25,2
4,150,3
1,103,43
4,27,132
5,20,18
3,25,100
4,78,11
5,84,17
1,201,30
1,50,3
4,13,21
4,69,188
5,102,1
2,366,222
5,16,45
5,59,61
3,51,116
2,133,68
1,21,11
5,69,322
4,1,56
4,22,18
5,6,1
2,268,269
1,60,143
4,25,24
4,67,81
5,116,3
3,23,152
5,62,20
5,72,1
4,34,16
1,154,5
5,135,6
5,25,75
1,51,7
5,176,44
4,22,7
5,27,83
4,62,188
3,132,29
2,116,5
1,94,3
3,8,29
5,39,199
4,102,285
3,146,17
5,11,12
5,154,7
5,33,155
2,111,224
2,291,37
4,57,152
4,55,115
5,144,5
4,22,114
5,63,6
4,73,340
5,106,43
1,20,1
4,81,162
2,130,708
5,9,13
5,20,45
4,103,26
4,11,21
4,96,1
5,103,47
1,23,1
5,38,5
5,38,1
4,21,106
4,21,73
4,45,146
5,48,2
5,42,14
5,48,48
5,4,2
3,36,193
5,43,11
1,22,381
3,100,55
4,101,81
5,134,209
5,68,8
4,48,165
3,24,1698
5,114,19
1,16,3
5,93,149
1,9,54
4,96,94
5,94,16
2,72,3
1,64,3
5,189,85
5,23,5
3,22,42
5,7,1
5,283,12
5,224,489
1,142,62
3,39,11
2,32,33
4,13,3
3,234,25
5,24,9
2,528,25
2,41,19
3,52,182
4,14,8
2,219,31
2,13,5
5,80,165
2,166,219
5,56,1
2,109,19
1,109,39
5,41,11
2,131,314
5,8,134
5,106,53
2,106,1
3,116,93
4,75,73
5,21,2
3,20,23
1,158,2
5,227,104
1,88,5
5,34,3
4,32,2
5,53,8
5,43,73
5,65,21
4,37,1
3,109,87
5,188,376
1,94,49
5,27,3
4,50,219
5,3,7
2,155,25
4,77,10
4,75,360
5,58,4
5,135,7
3,142,296
1,172,5
5,26,13
4,73,215
4,36,360
3,253,15
5,13,132
3,34,215
5,49,5
5,32,211
4,72,87
5,49,40
4,62,136
2,24,244
2,342,11
5,137,1
5,25,3
4,172,21
2,15,100
3,29,24
1,8,2
4,165,271
5,145,16
4,34,32
1,136,103
5,47,10
1,65,3
1,129,75
4,214,124
4,52,24
3,48,21
4,76,20
4,26,342
4,20,5
2,119,8
5,31,3
5,13,13
5,15,12
5,48,14
5,25,19
5,31,2
4,287,100
4,113,296
5,109,12
4,184,288
5,85,74
5,16,8
4,12,13
1,84,5
4,20,1
4,10,66
3,6,34
5,65,5
5,69,3
4,76,63
5,91,26
4,38,35
5,24,24
4,147,34
4,72,90
5,33,3
1,106,1
4,68,244
5,242,330
5,29,45
5,27,18
5,36,6
5,57,326
3,42,29
5,92,120
5,381,132
4,38,5
4,66,127
5,94,134
4,603,1698
5,29,2
4,39,4
2,34,9
4,52,17
4,40,26
5,50,40
3,10,791
2,60,126
3,23,21
3,84,22
5,3,10
2,16,29
5,70,48
4,12,23
4,330,38
5,6,2
5,2,3
4,5,5
3,88,561
1,21,6
5,9,56
4,77,210
2,264,24
4,248,327
5,48,4
4,88,1
2,126,6
4,112,10
2,77,12
5,12,2
4,115,44
5,49,33
5,163,44
4,108,44
4,127,363
5,109,2
5,22,3
3,73,2
5,27,8
4,110,24
3,53,106
4,15,8
5,31,39
5,26,31
5,19,1
1,176,5
5,27,1
5,14,5
3,211,46
1,149,29
5,5,4
3,20,468
4,33,10
5,170,17
1,193,50
5,48,66
5,357,7
4,60,4
1,159,1
3,76,183
5,235,2
5,26,3
3,32,78
1,119,3
1,142,2
1,50,8
4,77,98
1,87,53
4,97,21
5,182,525
5,14,13
5,58,7
1,58,66
5,26,14
4,218,88
4,83,3
4,8,49
5,168,2
3,293,69
5,17,3
4,106,24
2,83,2
5,32,1
5,60,7
4,59,110
1,73,122
5,37,7
5,62,3
5,62,15
4,130,319
4,27,11
1,141,11
5,84,4
4,46,10
5,49,1
4,13,27
5,39,2
2,20,32
5,59,44
5,55,5
5,57,38
5,115,24
2,48,112
4,143,320
4,139,296
3,105,22
5,211,670
2,14,41
1,55,1
4,61,4
4,34,165
5,28,46
5,63,2
4,65,412
1,22,3
3,68,11
1,569,7
5,32,41
4,84,21
4,22,20
4,3,21
5,236,184
4,32,49
5,13,7
4,48,7
4,12,63
5,28,112
4,177,318
5,49,171
4,9,1
5,287,134
5,12,15
3,39,105
5,9,15
3,93,38
4,17,20
5,68,69
5,49,63
4,20,5
3,55,360
5,10,85
1,86,296
4,69,8
4,38,87
4,103,296
4,41,578
2,67,15
5,114,9
5,58,41
5,9,1698
5,13,36
4,168,390
4,11,33
5,17,160
4,27,127
5,29,6
4,52,319
4,12,19
3,78,114
4,19,49
3,10,51
1,8,29
4,148,80
3,114,10
5,83,2
5,52,8
5,62,12
5,73,36
4,94,85
4,97,670
5,11,5
4,122,133
1,3,49
4,113,489
5,167,1
4,53,27
4,13,6
4,67,13
3,31,7
3,41,31
5,64,8
4,78,93
5,19,1
5,15,13
3,58,89
2,163,216
1,38,1
4,29,71
5,56,6
2,108,18
1,44,1
3,52,422
5,10,33
5,107,100
5,72,2
3,139,102
4,117,10
5,27,8
4,18,22
3,17,2
5,100,125
2,389,54
3,15,37
4,146,9
4,62,650
4,92,10
2,21,5
4,175,6
5,29,21
5,10,1
4,177,2
1,39,36
5,55,2
5,83,2
4,166,791
3,5,161
5,8,47
2,15,2
4,20,78
4,51,449
5,84,114
3,20,356
2,49,68
4,63,6
5,22,2
4,37,81
4,62,128
3,61,365
5,13,8
5,50,112
4,10,3
5,8,10
1,6,44
5,64,8
5,97,4
2,195,12
4,215,298
5,53,7
2,260,209
4,4,28
5,43,28
4,34,112
5,201,3
5,29,14
4,37,195
5,18,6
4,159,89
5,75,12
4,30,6
4,2,2
5,80,1
5,42,6
4,13,39
5,63,19
2,75,112
3,37,127
5,22,2
4,45,438
5,71,266
4,226,221
1,29,7
4,62,83
1,32,5
1,23,370
5,92,24
5,145,6
5,24,5
5,89,2
1,43,5
5,69,6
3,64,64
2,18,20
5,120,5
5,181,3
4,204,197
1,72,537
5,7,54
5,26,24
4,49,50
2,53,303
4,4,20
3,47,5
4,36,153
3,45,32
1,43,3
1,29,5
4,44,4
4,7,31
5,55,791
4,12,3
4,41,8
5,57,3
1,85,1
4,59,5
5,90,3
4,48,285
4,34,6
3,152,8
5,36,3
4,6,134
3,116,68
5,152,624
5,234,6
3,37,83
4,77,54
3,37,201
5,103,8
4,24,5
5,34,4
4,63,2
5,113,127
1,31,45
1,55,9
3,71,83
4,31,5
5,33,5
1,248,51
5,168,83
4,228,103
3,148,204
5,35,2
3,73,272
2,317,12
4,70,9
5,49,75
4,67,77
5,78,67
4,27,326
5,37,4
4,59,3
5,116,278
1,45,1
4,181,16
2,40,61
5,36,13
3,14,63
5,33,9
4,57,289
4,15,5
3,207,24
5,5,95
4,184,143
4,23,136
3,52,87
1,4,29
1,163,6
3,32,185
4,30,36
4,21,15
4,244,23
3,77,135
5,9,12
3,43,7
4,220,16
5,108,8
4,94,32
4,88,56
3,11,1
5,147,45
2,75,109
5,6,6
4,37,17
4,58,6
4,3,2
3,127,320
4,200,101
5,11,1
5,25,87
3,8,20
4,14,5
4,67,584
5,60,10
2,61,1
3,98,23
3,126,103
5,19,59
5,99,37
5,28,61
4,158,592
5,90,2
1,163,30
4,90,296
5,32,43
5,146,180
5,13,1
5,62,9
1,40,4
5,19,1
2,22,3
4,302,171
5,18,11
4,113,296
4,69,108
1,76,17
1,38,1
5,208,10
1,51,73
4,52,76
5,5,5
5,37,3
4,11,39
5,11,7
3,9,1698
4,5,58
1,26,45
5,35,1
5,19,16
5,79,2
5,13,3
5,46,29
5,57,83
5,61,100
1,354,3
5,15,1
5,42,78
2,123,11
4,120,221
5,105,34
5,160,15
5,49,2
5,87,584
2,18,1
2,23,4
5,73,26
2,29,3
3,515,215
4,55,83
5,132,6
5,222,91
4,240,222
4,28,12
1,38,112
5,8,116
2,580,8
4,15,66
1,109,23
4,11,11
1,77,7
5,90,65
5,22,10
5,50,50
5,41,105
5,20,54
5,33,5
4,135,9
5,154,83
4,72,61
3,55,45
4,87,3
5,15,9
5,35,661
5,55,105
2,88,66
5,32,1
1,68,1
5,129,11
5,116,72
5,17,30
1,29,3
5,286,37
1,299,87
5,113,58
4,50,112
4,35,7
1,16,1
5,77,6
1,106,13
5,36,51
5,153,11
5,222,4
5,34,17
1,139,2
4,100,14
5,106,3
5,21,1
5,123,103
5,11,3
5,3,43
5,42,32
5,111,12
2,16,6
5,12,47
5,417,33
4,8,4
3,19,26
2,81,3
5,69,791
5,141,209
5,20,2
5,3,1
5,4,11
3,39,1
2,48,1198
5,38,13
3,65,28
5,15,2
5,63,112
3,106,289
2,119,7
4,51,900
5,10,22
5,247,103
2,190,6
5,10,11
4,51,21
5,118,319
5,93,43
5,54,16
4,32,5
3,83,2
5,143,28
1,199,178
5,188,19
5,68,26
4,161,17
5,19,45
4,51,6
5,26,20
5,69,11
5,14,24
2,524,2
2,62,1
4,20,154
5,421,15
1,151,2
2,91,6
5,25,87
4,266,22
5,106,1
4,9,61
4,34,76
3,69,481
5,40,16
5,74,14
5,9,45
2,108,2
5,97,9
4,35,8
5,138,16
3,180,4
4,41,41
4,75,60
5,42,5
1,130,64
4,29,146
2,40,63
1,128,4
5,48,4
4,60,105
4,19,49
4,57,63
5,17,5
5,28,4
5,66,1
4,110,336
3,18,342
1,172,21
3,67,584
3,234,290
3,10,138
4,34,66
5,22,2
5,125,8
4,57,9
2,89,231
4,121,7
1,244,91
3,32,2
5,58,25
5,8,6
1,18,8
5,80,81
5,79,3
5,172,143
4,19,61
5,92,449
4,18,19
2,126,1
5,99,493
4,21,8
4,163,23
3,106,114
1,215,9
4,38,13
3,41,25
4,69,93
4,58,112
1,63,16
4,60,8
5,27,19
4,55,4
4,68,62
4,17,20
5,34,53
2,91,14
4,121,127
2,130,10
2,297,3
5,15,13
5,35,35
4,4,10
3,120,10
5,50,256
4,55,32
5,23,342
5,89,326
5,64,7
4,30,215
4,52,41
3,34,95
5,21,1
1,16,19
4,242,1
4,51,518
4,98,2
5,64,592
4,23,438
5,54,45
5,98,2
5,9,10
5,33,61
5,7,152
2,20,50
5,18,9
2,22,256
4,170,156
3,138,5
5,108,5
4,70,45
4,50,244
2,118,3
3,178,172
5,21,2
4,30,87
4,78,139
5,83,72
1,15,1
4,23,59
5,163,5
5,71,7
3,139,1
1,86,3
5,22,26
3,102,4
4,3,152
4,84,48
4,235,12
4,73,73
2,125,7
4,6,13
4,18,50
5,49,31
3,261,70
5,33,2
5,87,76
2,10,5
1,314,3
4,14,6
4,49,54
3,35,3
5,19,7
5,14,138
5,8,145
4,36,21
4,157,3
5,94,236
2,59,64
1,135,2
5,12,15
4,127,244
5,18,5
5,64,535
5,54,1
4,124,15
5,46,32
3,94,45
5,83,10
5,105,35
5,45,34
4,52,59
1,103,13
5,522,215
2,18,13
2,136,258
5,22,24
5,22,6
5,13,13
4,91,188
4,107,449
5,250,7
4,70,11
3,82,102
4,32,95
1,43,2
4,202,53
5,59,20
4,138,12
2,113,26
1,176,11
5,67,22
1,15,8
4,24,112
3,95,22
2,21,67
5,58,6
5,14,9
4,154,325
5,172,517
5,64,3
4,5,14
5,53,12
4,258,23
5,29,13
4,19,7
3,379,9
4,35,38
3,58,24
3,120,306
3,61,359
5,63,6
2,80,27
3,179,166
4,15,134
5,35,29
5,18,8
3,53,475
5,2,8
5,40,13
4,54,57
3,21,5
1,40,1
3,50,122
3,23,5
5,46,2
5,47,2
2,23,11
1,125,296
4,182,125
3,60,96
5,8,31
5,35,3
4,29,29
4,7,16
4,79,2
4,133,670
5,22,20
4,9,13
3,263,65
2,34,19
4,113,2
5,23,27
2,229,314
5,14,1
5,7,15
4,101,6
4,140,22
5,6,21
2,114,306
3,344,78
5,35,24
5,51,3
5,11,9
3,62,73
3,44,114
4,25,2
3,24,377
4,93,35
3,87,18
3,37,578
1,28,188
5,52,1
3,18,134
4,80,3
5,47,7
4,95,8
5,34,81
5,143,34
5,85,8
5,19,6
5,7,12
4,39,57
2,85,3
5,15,5
5,99,27
4,22,5
5,32,2
4,26,153
5,37,5
5,18,2
5,35,41
5,24,6
5,61,2
4,50,24
5,15,2
3,44,154
2,7,36
4,134,16
2,37,56
5,32,6
5,10,132
3,44,14
4,45,81
5,0,39
5,133,2
5,14,3
3,73,4
4,67,20
3,85,80
4,63,36
1,241,4
4,159,51
5,110,482
5,104,15
4,68,145
4,68,584
2,109,163
2,106,5
5,42,2
3,18,318
4,85,86
3,61,64
4,61,43
1,71,2
5,7,29
5,60,32
5,221,539
2,34,708
4,8,6
5,29,6
4,60,3
5,54,28
5,42,6
5,57,185
5,13,79
3,20,118
3,87,69
4,16,152
5,57,51
1,30,13
3,130,23
4,74,21
5,62,26
4,128,166
5,1,8
5,49,6
5,80,17
1,74,16
1,31,7
4,7,17
2,167,3
5,66,81
5,46,30
2,145,296
5,134,48
1,300,8
5,50,61
4,143,105
2,64,31
5,37,43
4,14,15
3,41,180
3,25,48
1,50,51
4,26,17
4,85,19
2,46,3
1,10,16
1,25,9
5,55,2
2,125,3
5,206,3
3,87,8
5,31,24
5,22,29
1,192,143
4,121,15
5,49,13
4,71,41
4,41,12
3,21,1467
3,28,114
5,75,14
2,78,1
3,97,129
4,62,36
4,295,277
4,97,24
5,86,6
1,56,2
1,242,18
4,14,29
1,99,7
2,121,71
4,55,13
4,36,239
4,28,7
5,30,1
4,37,54
3,42,725
4,91,482
4,141,51
3,157,4
3,64,1217
5,76,25
2,5,11
4,34,1698
5,267,295
5,33,90
5,56,4
1,17,5
5,93,326
4,33,29
5,36,7
4,21,120
5,59,8
4,140,330
5,119,3
5,53,4
5,7,116
4,10,286
5,110,76
1,38,3
4,17,6
5,33,43
5,85,37
3,84,569
5,15,161
5,57,4
5,52,16
4,101,65
1,221,13
5,49,6
4,62,376
4,44,216
5,25,13
5,135,5
2,209,360
2,23,5
3,15,13
5,56,1
5,197,125
2,196,3
5,242,108
1,32,49
3,199,224
5,217,29
5,59,3
1,48,13
3,40,154
5,17,5
2,50,44
1,147,69
5,36,14
4,23,342
5,41,15
5,178,1
5,101,10
4,44,107
1,50,7
5,11,5
5,19,43
4,76,165
4,190,157
4,9,21
5,12,4
5,33,5
5,17,32
5,89,3
3,59,16
4,57,448
5,13,59
4,58,79
5,15,16
3,63,4
4,91,10
4,11,3
4,90,19
5,46,4
3,24,45
4,283,49
4,13,3
4,138,15
5,98,1
4,109,145
5,1,9
4,6,16
3,161,232
5,45,143
5,45,138
3,237,36
2,30,5
4,139,4
4,21,10
2,35,51
4,293,137
5,45,41
5,9,5
5,33,11
5,43,6
4,44,3
5,78,197
5,229,714
5,72,83
5,94,74
2,190,10
4,28,11
3,57,152
4,41,661
4,57,9
1,94,49
1,125,27
4,5,10
4,24,6
5,25,1
4,88,699
1,148,1
1,328,47
4,131,13
4,13,22
5,44,578
5,42,9
5,8,7
3,70,163
4,27,49
5,23,900
4,198,116
4,54,151
5,52,14
4,9,35
5,136,126
1,45,1
5,85,2
5,13,5
3,4,207
4,165,143
5,83,308
4,45,11
5,63,2
5,65,87
1,81,4
4,50,73
5,18,5
3,63,43
2,110,40
4,57,8
3,23,190
1,43,2
5,28,5
1,60,1
4,56,342
4,11,4
1,90,5
4,16,2
4,119,71
5,41,6
5,65,109
5,24,4
4,72,4
4,67,173
4,39,7
1,105,11
4,39,7
4,129,8
5,30,3
3,97,9
4,33,66
4,80,2
1,29,14
3,194,493
1,319,16
5,1,4
1,24,12
4,63,188
4,28,3
5,67,326
3,27,339
5,21,37
5,18,8
5,137,180
5,126,112
2,138,33
5,21,13
3,589,1698
5,79,259
4,31,10
5,129,28
2,31,3
5,3,14
4,45,129
5,54,1
1,26,6
2,127,6
5,174,2
3,11,10
2,84,73
3,135,72
5,152,9
5,26,8
5,196,8
3,24,132
4,41,438
4,63,289
5,48,20
4,3,1
4,48,16
4,146,125
5,51,2
5,91,103
4,5,1
2,11,21
4,145,5
5,9,7
5,58,1
5,83,43
3,73,7
4,35,2
5,27,10
3,19,5
3,35,134
1,45,12
4,42,52
2,559,8
3,179,87
5,53,229
3,61,584
5,105,318
5,112,115
5,243,18
5,114,226
5,44,6
5,60,5
4,132,39
4,38,49
5,57,1
1,40,10
5,282,1253
3,56,131
5,80,134
3,44,448
4,102,61
5,12,13
4,65,2
5,69,162
5,35,4
1,104,233
5,138,8
5,5,2
5,5,13
5,61,153
1,159,4
5,155,96
5,63,13
5,108,75
5,106,2
5,20,422
5,53,112
4,64,122
4,125,32
5,37,3
4,146,128
5,69,60
5,13,65
4,8,6
5,117,2
3,23,4
5,136,59
4,4,112
2,12,154
3,41,232
1,78,8
5,13,4
4,14,45
1,42,28
4,33,21
4,323,7
5,89,15
5,114,69
4,174,7
1,97,5
5,59,4
4,20,87
2,65,8
5,75,1
1,105,33
4,107,202
5,60,16
4,16,3
3,63,79
5,60,112
5,17,15
4,102,123
1,139,68
4,16,23
5,142,5
3,85,24
4,38,2
4,20,117
5,38,1467
5,75,76
5,171,4
1,113,6
4,82,4
5,29,1
1,86,19
5,27,9
3,48,139
4,65,151
4,27,24
4,208,539
5,45,9
4,129,1217
2,161,88
4,154,187
4,346,8
4,35,15
4,7,3
5,139,623
4,14,66
5,31,10
5,47,89
3,259,38
5,104,94
5,28,11
4,8,3
5,120,6
3,76,574
4,96,5
4,35,87
3,44,2
3,15,9
4,4,23
4,104,18
5,11,20
1,130,2
1,41,14
5,93,4
4,77,73
5,73,16
4,72,103
3,262,290
4,76,24
4,18,323
4,41,14
1,209,52
5,150,103
4,29,19
5,140,156
5,34,319
3,54,12
5,77,9
4,66,320
4,50,173
5,17,118
3,54,30
4,68,19
5,82,13
4,38,7
4,4,2
5,14,87
5,28,1
5,18,10
5,130,90
4,77,6
5,6,9
3,151,196
5,51,2
3,22,310
3,106,146
4,15,94
4,183,4
4,67,12
5,55,425
5,35,32
5,31,8
4,6,7
4,91,7
4,112,49
4,192,31
3,164,1
5,34,12
1,260,4
3,9,87
2,63,9
4,23,75
3,57,9
2,32,18
5,118,319
3,59,53
4,151,93
4,54,61
5,62,22
3,14,23
4,81,204
4,46,1698
4,38,18
5,33,8
4,37,57
1,34,2
5,58,6
3,35,4
2,115,292
5,54,1
1,165,1
5,95,5
5,16,13
1,129,2
3,291,30
5,17,9
3,42,152
4,50,112
3,52,5
5,29,8
3,16,342
5,543,1698
5,66,2
5,39,2
4,7,134
4,9,448
1,167,2
4,64,15
5,27,45
5,75,9
5,48,7
4,597,620
4,83,103
4,17,661
5,190,178
5,55,7
3,27,2
5,35,38
5,40,14
5,238,1
2,65,13
4,68,57
5,76,3
5,181,296
5,97,24
5,34,4
5,33,134
5,78,73
4,45,9
4,41,11
5,127,23
5,3,1
5,50,102
3,114,145
5,11,15
3,45,33
4,84,84
5,47,215
5,1,14
5,12,5
4,14,7
4,103,670
4,39,2
1,33,6
5,52,45
5,84,22
1,99,4
5,22,10
5,28,1
5,50,87
4,31,29
4,16,2
1,26,10
1,50,2
5,20,7
5,62,6
3,109,68
4,95,316
2,72,109
4,110,117
1,57,7
5,21,93
5,16,6
4,49,17
3,9,176
5,62,12
5,34,4
5,54,16
5,46,27
3,42,233
5,111,1
4,7,15
5,19,4
2,35,28
5,127,74
4,43,298
4,126,143
1,113,38
3,17,61
5,38,11
5,30,1
5,6,15
4,48,14
4,24,49
5,61,112
5,3,6
1,57,134
5,22,4
5,148,106
5,24,13
4,14,78
5,126,11
4,61,12
2,94,3
1,11,93
3,56,360
3,61,10
2,67,67
4,25,1
4,60,63
4,244,13
5,7,10
5,128,169
5,23,7
3,91,325
5,38,11
5,51,9
2,28,10
5,37,4
2,48,79
4,14,1
4,40,8
4,121,1
5,31,23
5,63,8
2,114,50
5,39,30
1,168,25
3,61,36
4,15,4
4,91,6
4,98,15
5,34,2
4,18,4
1,86,7
5,230,17
5,79,1
3,159,14
3,81,319
4,23,206
5,18,24
5,26,4
3,24,26
3,53,79
4,41,83
4,153,97
4,78,90
4,13,2
4,87,7
5,20,73
1,9,5
5,105,3
4,61,28
5,52,2
1,194,2
3,78,10
2,79,1
4,88,4
4,24,24
5,55,3
1,83,53
3,162,15
2,89,3
4,5,161
1,76,1
1,127,47
4,58,26
4,64,48
1,16,3
5,108,1
4,136,103
5,14,29
3,73,297
4,56,7
5,79,53
5,86,45
5,130,43
5,102,110
5,4,2
3,22,36
4,12,8
5,36,41
4,8,39
5,54,87
5,53,3
5,41,1
4,20,4
5,179,106
4,219,234
2,10,62
4,18,92
5,22,93
4,24,21
4,50,66
5,324,189
5,134,11
3,62,21
2,342,17
5,35,7
3,26,43
4,3,173
4,50,3
5,345,8
4,49,7
5,29,157
4,24,143
4,61,237
5,90,10
5,137,4
5,61,14
1,67,10
5,7,1
3,35,17
5,29,13
1,148,17
3,13,3
5,19,2
4,16,3
4,64,3
5,39,73
3,31,81
5,312,110
1,259,5
1,186,76
5,13,3
5,30,5
3,93,114
1,48,180
5,24,27
2,69,157
3,35,63
4,29,108
1,114,2
4,298,319
1,85,153
1,36,5
5,17,10
5,41,50
3,123,76
4,30,21
4,137,148
4,84,19
5,7,4
5,92,537
4,61,63
1,180,6
3,78,316
3,48,27
4,10,13
4,77,10
5,75,13
3,36,73
5,43,10
5,67,61
4,41,13
5,32,5
5,25,8
4,45,114
5,10,2
1,97,1
4,272,253
2,100,63
3,35,3
4,31,17
5,13,114
5,92,36
2,52,4
3,86,225
4,47,15
5,189,10
2,51,11
5,62,103
5,31,45
4,310,39
4,208,83
5,229,10
3,47,2
1,156,2
3,92,70
5,188,42
2,126,1
5,60,10
4,396,31
5,23,2
2,62,30
5,14,21
5,169,537
5,223,21
5,93,2
3,40,12
4,31,7
5,12,11
4,219,55
1,31,1
2,198,15
1,14,1
4,16,42
3,71,31
5,6,75
5,2,1
5,40,39
4,20,17
1,258,1
5,46,84
5,27,4
1,100,3
5,113,103
3,189,6
4,71,23
4,33,4
5,16,1
1,40,3
5,98,1
5,19,2
3,76,3
5,114,230
4,104,34
4,93,32
2,170,209
4,67,13
5,18,4
2,172,49
5,27,9
5,86,7
5,27,578
4,91,5
4,125,94
4,42,86
3,55,27
1,44,19
5,11,14
5,60,49
5,8,51
3,132,42
5,71,127
5,93,592
5,2,6
5,15,1
5,19,14
4,62,86
2,66,51
5,75,5
3,41,36
2,56,3
4,44,10
3,195,18
5,34,20
5,97,5
4,24,26
2,100,6
4,119,70
1,74,7
4,104,16
5,102,10
3,186,88
5,153,38
4,7,14
5,34,24
5,104,97
5,16,5
1,360,1
3,108,130
5,12,10
4,13,1
4,2,20
3,6,13
1,231,7
4,66,68
3,61,95
3,272,134
5,75,46
4,39,1
4,83,53
3,35,112
3,113,37
3,28,14
4,22,320
5,24,3
1,39,5
4,49,18
5,11,46
5,13,30
2,191,10
4,146,9
4,5,6
4,53,661
4,104,3
4,11,50
5,242,6
1,273,7
5,105,2
5,2,8
5,77,8
1,156,296
5,54,6
4,164,43
4,67,2
5,8,216
4,26,6
3,92,483
4,142,22
5,24,17
4,66,180
4,53,195
4,21,26
5,38,59
5,104,30
5,162,1253
4,46,5
4,12,43
2,281,6
3,114,296
5,33,4
5,21,9
5,48,51
4,28,1
4,83,45
4,35,112
5,74,12
5,16,13
5,45,1
4,81,7
1,27,14
2,21,12
4,95,34
4,97,158
4,106,3
4,44,468
4,75,24
4,29,2
5,143,4
4,147,578
2,212,268
3,28,65
4,68,1
4,10,85
1,13,30
3,77,3
4,13,32
2,55,37
4,66,58
4,34,1698
5,25,65
4,32,2
4,149,29
5,52,4
5,21,6
5,151,156
4,18,992
5,11,29
5,63,34
1,142,24
5,39,2
4,78,115
5,48,41
4,63,50
3,29,12
1,119,93
4,40,3
5,22,26
2,28,82
4,216,539
5,137,230
4,90,30
4,59,21
3,139,31
3,165,46
5,46,42
4,137,110
3,41,17
4,14,9
1,72,7
5,52,23
4,130,273
5,258,36
4,100,21
3,25,70
5,19,132
1,42,25
4,86,8
2,94,24
3,118,34
5,32,1
5,37,66
4,19,2
3,91,162
4,105,17
5,213,169
5,34,3
5,7,1
5,14,3
3,22,88
5,12,44
3,83,34
5,6,8
5,13,23
5,6,190
5,76,30
4,444,3
5,84,1
4,16,160
3,260,125
5,9,19
3,98,3
4,71,22
4,44,5
3,24,139
5,7,5
5,293,108
4,52,216
3,8,310
1,26,6
3,100,81
5,166,30
5,145,342
4,222,6
1,63,1
3,262,46
5,99,376
1,116,6
3,29,8
5,14,7
4,44,21
1,166,109
4,56,94
2,54,2
5,33,5
5,33,9
5,12,3
3,5,34
4,73,23
5,20,63
3,8,15
3,140,4
4,105,16
5,9,1
4,5,111
3,86,45
4,60,16
4,29,23
1,80,8
4,45,14
5,54,158
4,58,30
5,110,86
4,49,578
3,77,112
4,96,169
4,57,30
5,65,20
5,25,24
4,15,50
5,397,8
4,25,5
4,20,448
4,81,197
4,26,2
5,1,12
4,50,8
4,69,518
1,149,204
4,153,359
4,45,19
4,56,431
4,16,98
5,202,15
5,83,14
5,26,16
5,42,6
1,67,8
5,19,6
4,41,14
4,128,22
5,130,117
4,8,176
1,149,3
4,75,96
1,274,23
2,37,81
5,52,4
4,47,219
2,76,221
4,4,86
5,101,295
4,42,6
5,84,18
1,94,8
5,34,1
4,90,2
4,34,24
4,12,2
5,22,43
5,9,1
5,4,5
4,21,2
4,72,8
5,1,10
1,46,2
3,101,60
2,13,1
2,52,19
5,248,156
1,189,537
4,32,76
5,77,49
4,42,3
2,54,13
5,24,6
3,17,6
4,19,43
5,51,41
4,65,744
3,162,83
3,265,87
2,47,2
2,34,115
4,16,98
4,13,26
4,10,82
3,57,62
4,125,584
4,33,239
4,40,14
5,52,1
5,12,14
4,52,7
3,40,2
4,89,69
1,29,7
5,11,78
5,4,2
5,12,12
5,5,9
4,10,7
5,13,153
5,53,2
4,398,319
3,92,11
5,19,15
5,127,21
5,5,7
4,22,80
4,218,145
5,139,266
4,137,4
3,109,13
4,44,73
4,89,29
4,126,3
5,96,3
4,144,151
3,39,461
1,191,2
4,6,7
5,40,3
4,129,578
5,16,4
1,18,161
2,53,73
5,61,143
1,87,14
5,97,6
5,36,518
5,88,174
4,15,3
4,53,2
2,52,24
2,178,10
5,24,16
2,66,2
5,19,2
5,8,49
4,108,326
5,45,17
2,97,29
5,193,43
5,109,222
5,22,6
1,169,7
5,6,54
2,82,6
4,170,791
3,22,22
5,38,50
5,55,57
2,40,7
5,41,286
3,105,14
5,203,244
2,87,86
4,107,7
4,21,9
4,45,17
1,148,3
4,90,5
1,78,76
4,54,153
4,41,45
4,7,12
5,16,26
5,20,85
1,87,163
4,69,86
2,77,19
5,217,308
2,529,30
4,102,129
4,157,7
4,21,180
5,44,134
3,78,31
5,10,5
1,29,2
4,7,23
5,35,7
5,34,4
1,63,3
5,56,30
5,23,1
4,276,319
4,9,38
5,54,6
5,125,50
5,13,143
5,24,1
2,54,27
5,136,21
4,118,296
4,7,4
5,41,18
5,34,10
4,19,10
5,44,226
5,195,103
3,127,26
4,158,7
2,23,18
4,1,11
2,109,27
2,27,12
4,72,10
4,126,2
5,161,5
3,90,169
3,134,117
1,210,8
5,143,14
5,303,138
5,108,156
4,75,16
5,2,2
4,11,20
3,131,133
5,129,21
4,44,10
4,2,123
3,88,134
5,19,20
4,34,7
5,601,1698
3,54,326
2,29,341
4,21,49
5,47,1
4,53,111
4,18,32
4,15,1
4,42,27
5,144,178
4,196,125
3,184,36
5,41,2
5,56,3
4,2,1
4,68,169
5,10,23
4,43,14
3,63,41
4,120,50
4,66,37
2,40,18
5,4,71
1,125,2
4,154,106
5,30,5
3,4,13
1,102,5
5,171,83
3,176,23
4,55,45
5,54,201
3,17,180
2,73,15
3,35,285
5,133,209
4,12,31
1,195,12
3,26,43
1,102,14
3,41,10
4,3,7
5,41,14
5,3,8
4,229,180
1,111,32
4,205,1
5,39,1
1,124,22
2,30,76
5,58,1
2,65,32
2,142,33
5,88,3
5,52,10
1,207,2
4,54,18
4,20,3
4,65,46
4,46,63
5,66,18
4,69,102
5,48,47
3,62,131
5,50,1
3,34,44
4,71,28
4,124,54
5,47,2
4,41,16
1,157,2
4,124,55
4,138,2
1,52,14
5,24,38
5,13,5
4,185,28
4,6,87
5,86,449
4,33,3
5,12,10
1,98,5
5,55,8
5,78,112
5,14,18
4,46,24
5,58,77
2,227,310
3,76,22
5,62,1
4,24,6
4,46,83
5,72,11
5,122,230
5,109,67
4,43,18
3,170,275
2,126,2
4,60,2
4,146,7
1,56,517
5,20,1
4,204,169
1,38,7
5,80,42
4,28,33
3,182,278
1,104,16
5,112,7
3,152,101
4,2,93
4,503,620
4,108,377
5,5,6
2,89,76
2,62,25
4,96,60
4,105,19
4,68,525
4,53,83
1,146,9
5,17,17
4,1,11
5,15,14
2,55,2
4,31,13
5,147,8
2,232,36
1,272,16
5,15,9
4,38,54
4,146,319
4,21,12
5,39,200
5,75,1
4,108,62
1,16,13
4,61,32
5,43,18
4,11,30
3,117,412
4,82,189
4,108,10
4,124,7
4,345,2
4,105,143
5,253,49
4,49,93
4,100,83
4,46,65
5,72,3
5,59,6
5,83,239
5,71,47
4,99,2
5,18,4
1,8,13
3,63,36
4,44,207
5,15,382
4,5,49
3,195,75
2,70,2
3,181,54
2,40,298
2,63,1698
5,44,189
5,234,96
2,29,1
2,29,14
4,133,239
4,11,10
4,39,157
1,38,1
3,249,530
3,82,17
1,89,1
1,217,1
3,167,61
4,44,7
2,19,1
4,14,522
2,128,177
5,65,17
5,13,56
5,14,45
4,31,17
4,125,31
5,7,2
4,8,9
1,173,15
1,64,4
1,231,23
5,73,12
4,24,8
4,16,45
2,179,3
5,59,15
5,270,26
5,93,105
5,177,87
1,88,1
5,12,112
5,67,15
3,13,46
5,121,59
5,36,4
5,175,27
5,56,122
1,140,3
5,203,32
3,16,112
4,87,224
1,122,3
2,162,6
5,64,8
2,2,51
3,116,219
4,78,26
5,68,30
5,78,339
4,4,32
2,72,14
4,180,109
5,64,171
5,175,63
3,76,28
1,294,25
4,31,17
5,129,670
4,10,6
5,249,1698
5,15,10
5,112,578
4,171,584
3,198,699
3,177,28
5,1,2
5,130,2
4,20,22
3,68,152
2,84,4
2,158,26
2,49,31
5,19,20
5,87,7
3,25,45
5,28,31
3,65,11
3,343,189
4,55,23
4,19,9
1,117,3
4,23,127
4,9,3
5,18,5
5,158,1
2,108,10
5,27,3
5,61,12
2,133,103
5,25,63
2,78,3
4,16,17
4,13,12
5,60,197
4,23,23
2,88,5
5,138,42
4,198,70
2,81,55
2,23,7
5,35,34
4,78,25
3,23,293
5,60,661
1,46,1
4,20,86
5,14,12
5,35,3
3,45,10
1,286,186
5,55,156
2,77,1
3,43,21
4,29,189
2,125,4
1,203,7
4,38,35
5,43,36
4,47,73
5,144,13
4,88,9
3,67,1
5,83,19
4,232,37
4,282,21
2,59,1
2,165,37
1,109,24
4,84,128
3,42,39
4,66,12
4,30,94
3,19,8
5,143,45
3,36,1
5,19,9
3,28,232
3,20,8
5,17,11
4,37,21
4,42,27
1,31,56
5,123,35
5,74,6
5,65,2
2,94,2
4,45,13
5,15,10
4,16,134
3,15,310
4,15,3
5,14,1
2,134,10
4,108,318
5,145,33
4,42,20
5,61,20
4,35,207
1,159,1
5,7,10
5,98,143
4,78,157
5,67,10
4,27,6
5,35,112
2,246,323
5,33,9
1,37,45
5,56,1
3,39,130
4,18,2
4,87,91
5,35,138
4,45,27
5,69,1
4,53,51
5,8,4
4,58,20
1,32,1
4,80,1
5,44,1
5,30,1
4,5,50
4,28,11
5,407,132
2,31,7
4,81,257
4,9,11
5,111,76
2,77,132
2,6,2
5,63,1
5,89,156
4,144,71
4,246,21
1,83,3
4,23,8
1,34,4
3,254,539
2,229,19
3,297,394
5,4,20
3,54,115
5,134,10
1,23,6
3,97,5
5,23,145
5,125,21
3,74,30
4,24,43
5,93,2
4,410,325
3,37,72
3,3,139
5,109,103
5,25,13
5,73,14
4,107,16
4,29,26
2,191,6
2,225,66
5,53,3
1,45,6
4,87,708
5,6,5
1,25,1
5,48,93
4,31,53
2,152,449
4,18,132
5,28,10
1,11,2
5,49,18
2,83,16
3,40,41
5,25,7
1,48,1
5,94,7
3,86,108
5,35,6
4,93,224
3,73,114
5,10,39
5,29,10
5,96,46
3,34,112
4,155,5
3,3,1
5,30,73
4,19,8
3,98,584
4,36,195
5,111,670
5,18,448
2,578,2
5,46,12
4,64,7
5,87,350
5,27,12
4,14,20
4,61,10
5,217,75
5,179,10
5,33,140
5,21,215
3,154,34
4,199,10
1,554,17
5,170,7
2,59,17
4,43,25
3,96,20
4,37,8
1,596,10
3,48,51
4,22,20
5,2,49
5,89,2
5,114,48
4,40,21
3,143,32
5,118,4
5,21,188
5,86,202
5,104,26
4,129,26
3,22,44
5,75,2
4,93,7
4,45,319
4,54,76
3,106,48
3,77,65
4,39,63
5,26,134
4,21,55
5,46,3
3,224,70
4,51,113
4,60,215
1,48,48
3,27,35
5,20,4
4,55,162
4,210,670
4,57,61
5,47,84
5,92,169
4,92,202
5,69,357
1,64,14
5,99,6
5,29,12
4,47,87
5,31,16
4,11,161
5,8,165
5,28,41
5,52,76
1,382,43
4,56,10
5,9,29
3,82,38
3,42,76
4,246,122
1,90,5
2,69,3
5,32,23
3,126,8
5,43,421
4,16,4
5,16,7
5,133,5
5,74,21
3,21,45
5,63,11
2,48,20
4,4,14
5,59,7
5,27,29
5,51,1
4,64,90
4,121,449
5,75,21
5,28,1
3,149,215
2,65,9
1,53,3
4,4,2
3,46,19
4,120,296
3,535,126
1,269,5
1,166,30
4,216,15
4,62,13
2,42,1
5,26,5
2,75,60
5,28,2
5,77,34
4,55,6
5,90,81
4,85,66
4,98,135
5,36,110
5,45,102
3,153,8
1,49,8
1,86,28
5,17,67
4,31,6
5,145,121
4,52,6
4,145,127
4,17,88
5,99,3
5,34,2
5,43,43
4,42,6
3,32,8
5,31,3
5,131,14
4,112,611
2,62,10
4,85,21
5,16,60
4,195,60
4,53,20
1,58,31
4,116,105
2,137,24
2,51,26
5,14,8
4,2,1
5,16,3
5,76,47
1,27,11
3,12,286
1,48,1
5,175,36
4,23,4
4,78,16
5,8,14
1,97,2
4,81,7
5,18,24
3,4,160
5,78,14
3,8,63
4,70,21
3,50,4
1,65,5
5,34,323
4,193,30
5,4,6
2,47,52
1,55,1
4,59,12
4,189,132
4,82,32
4,68,7
2,37,7
5,113,180
5,190,72
1,30,6
5,42,2
5,161,129
5,111,110
5,15,1
5,123,176
4,33,151
1,440,17
5,194,24
3,79,319
1,38,3
3,13,29
2,120,296
4,51,30
4,12,1
3,77,45
4,28,10
4,118,8
4,69,9
4,2,51
5,13,56
4,37,83
5,369,38
4,150,72
4,34,4
5,17,8
5,87,58
5,65,10
5,41,326
2,53,96
4,68,127
5,82,11
4,29,101
2,209,16
5,7,27
5,9,2
4,21,14
4,73,272
5,10,12
5,38,11
4,6,21
2,328,49
5,19,11
2,50,2
3,33,650
2,130,13
2,26,49
4,140,128
3,94,3
5,9,6
1,181,19
2,10,51
5,36,41
5,121,129
4,62,6
4,50,1467
5,11,32
5,61,12
2,189,26
2,8,33
3,132,229
4,101,670
3,189,180
5,98,438
4,164,20
5,107,58
4,161,290
4,208,11
5,75,138
4,137,3
2,173,219
5,80,5
4,114,8
5,32,112
5,87,14
4,351,100
3,40,638
5,7,2
5,99,6
3,75,399
5,42,14
5,8,87
2,51,3
5,5,4
4,132,12
4,113,30
2,222,19
5,30,5
1,43,15
4,69,1
5,10,2
5,21,70
2,224,10
1,78,5
4,28,2
5,68,360
4,86,4
5,25,3
5,45,14
4,138,220
5,19,15
4,90,127
4,33,19
5,123,83
3,48,1
5,88,83
2,22,9
3,141,132
5,49,69
1,70,1
4,140,52
5,67,197
4,76,4
3,44,81
1,398,3
4,108,569
5,67,169
5,13,9
5,87,76
5,172,7
5,142,90
4,22,479
2,47,43
5,157,319
2,43,135
5,35,1
4,314,15
5,5,26
2,279,158
3,66,24
4,57,40
1,74,1
2,72,3
5,43,7
3,84,578
2,42,302
3,21,78
5,234,967
3,70,1698
4,46,77
4,72,15
5,16,1
3,146,4
5,144,11
1,35,4
2,235,2
3,82,584
4,124,791
4,185,103
4,64,3
5,10,136
5,37,7
3,255,21
5,34,2
1,115,1
3,33,57
5,255,332
4,51,22
2,315,12
2,7,13
4,17,28
2,59,112
5,12,134
4,18,3
3,172,130
4,66,6
4,46,59
4,102,29
5,67,6
4,22,215
1,207,2
5,82,2
3,300,6
5,90,569
1,159,33
5,36,33
3,113,20
4,316,189
5,2,58
2,363,33
5,114,103
3,25,3
5,210,9
4,52,91
1,297,4
5,43,18
4,103,46
1,16,1
4,21,12
3,55,36
5,5,438
5,32,5
4,163,219
4,48,48
4,63,32
5,20,27
4,28,16
5,60,3
3,151,578
1,64,12
4,71,637
3,388,189
4,113,94
5,23,9
5,13,12
4,105,25
4,108,350
4,89,13
4,163,17
5,26,5
5,78,8
2,153,150
4,21,92
4,90,6
4,44,7
5,10,3
5,73,23
2,10,37
4,13,11
3,52,6
1,43,45
5,14,13
4,106,2
5,14,1
4,33,114
5,5,3
2,74,296
3,27,173
5,63,8
4,162,5
4,220,139
5,153,41
3,22,49
5,25,20
5,136,170
4,122,17
4,188,72
5,20,65
5,67,63
4,26,21
2,8,2
1,48,5
5,150,96
3,152,12
5,12,21
1,255,3
4,68,164
4,166,44
5,7,4
4,42,670
2,221,6
1,115,114
5,20,2
4,166,127
1,108,13
4,13,134
4,37,5
5,56,448
5,4,1
4,30,4
5,94,10
4,97,85
5,325,4
5,91,51
4,46,8
3,42,54
4,38,23
3,48,30
4,34,13
4,37,3
5,122,791
2,17,36
4,40,448
3,103,7
5,38,1
5,231,180
4,26,3
4,86,80
1,174,1
4,133,66
2,98,6
5,29,7
5,39,88
5,194,93
4,91,180
4,46,401
4,37,14
4,13,21
4,56,15
2,34,31
5,110,183
5,83,1
2,11,24
4,185,539
4,33,195
5,44,6
5,69,2
5,99,12
5,196,57
4,20,2
5,63,7
4,145,482
5,137,19
4,37,83
4,65,38
5,16,24
5,73,174
5,56,319
5,198,20
3,34,2
1,44,1
1,192,209
3,7,82
4,8,6
4,128,83
3,122,224
3,115,70
4,37,4
2,37,5
5,16,13
5,68,3
4,25,48
4,85,6
3,26,558
5,49,36
3,247,16
5,149,26
4,121,68
4,14,7
3,37,25
2,41,108
5,31,19
4,13,125
2,159,4
5,48,41
4,8,29
4,54,85
4,37,180
3,106,289
3,126,14
2,227,92
1,72,36
4,67,33
4,141,46
5,8,678
5,158,449
4,55,27
5,28,15
4,22,9
5,53,4
1,24,11
3,20,20
4,268,8
2,25,1698
4,61,3
5,12,6
4,48,112
5,16,2
4,23,215
3,204,584
4,95,5
1,113,145
2,26,161
5,57,518
4,78,72
4,90,12
5,79,20
4,70,360
5,27,3
4,140,169
5,223,134
3,9,8
4,15,173
3,85,1
5,56,54
4,76,22
5,65,76
5,17,8
2,26,76
4,74,17
2,83,142
5,16,27
5,66,14
3,38,377
5,134,3
5,23,19
5,3,11
4,244,66
4,163,73
2,13,132
4,63,48
5,186,103
5,75,56
2,218,26
5,83,3
4,103,394
2,82,19
5,6,54
4,106,112
4,12,1698
5,19,53
5,89,67
4,7,6
5,52,461
4,63,298
4,226,33
5,181,116
3,39,1
5,53,163
5,27,41
2,73,22
4,83,20
3,165,535
3,17,6
4,156,314
2,66,45
5,28,131
4,63,14
3,11,219
4,23,6
1,69,3
4,230,25
4,7,105
5,254,156
3,89,7
5,12,3
5,13,11
5,99,23
4,74,96
4,42,15
4,52,42
5,15,23
1,251,4
5,44,8
3,33,1698
4,98,296
4,64,3
5,59,44
5,6,6
1,106,5
4,53,725
2,183,4
1,96,12
4,23,3
3,14,16
5,13,1
5,54,64
5,25,4
5,42,37
1,91,20
4,13,50
3,84,69
5,98,9
5,19,22
3,50,26
2,35,2
5,21,3
5,58,36
5,100,8
4,55,14
3,50,369
1,38,15
4,7,215
5,23,60
1,178,6
4,153,325
4,123,53
2,44,10
5,31,1698
4,150,9
5,51,239
5,35,17
5,57,278
5,38,24
4,28,65
4,53,83
5,254,27
4,52,26
3,58,26
5,18,6
1,14,2
4,21,468
4,40,37
5,48,4
3,45,8
2,192,2
5,21,56
5,65,6
5,52,122
4,229,1
2,317,33
5,28,1
5,42,13
5,12,39
2,27,33
5,74,32
2,50,15
1,81,6
4,96,43
3,20,57
5,32,3
4,103,16
1,23,105
1,43,19
5,80,25
1,161,155
3,78,176
5,29,4
4,103,101
4,40,3
5,27,13
5,192,143
5,22,87
3,155,5
3,194,36
5,122,19
5,80,4
3,37,12
2,85,2
4,12,7
5,112,5
5,45,7
4,28,9
2,27,10
1,25,15
4,13,15
3,49,2
4,41,214
5,256,19
5,178,584
2,26,13
5,8,29
4,31,23
5,15,2
5,47,9
2,194,152
3,115,215
5,236,23
4,58,304
5,43,4
4,89,273
1,99,8
3,268,42
1,119,18
5,73,4
5,58,2
4,99,234
4,5,39
5,106,83
5,29,5
3,21,128
4,25,1
5,30,900
2,7,13
5,24,6
4,211,51
3,12,8
4,85,13
4,24,23
5,22,6
3,5,5
4,59,21
5,33,18
2,57,3
3,44,3
4,38,512
5,111,44
5,26,3
2,136,88
4,68,584
4,16,180
4,145,32
2,135,162
3,39,29
4,111,93
4,35,165
5,4,3
5,31,19
5,198,19
5,152,268
4,19,1
5,144,1
5,11,25
5,64,14
2,72,1
4,204,21
5,63,422
5,25,53
3,3,54
5,152,15
4,62,20
4,69,63
4,34,7
2,85,24
5,41,139
2,5,2
3,150,8
1,93,20
5,155,590
4,11,31
2,29,123
3,156,9
2,102,188
4,44,19
3,88,85
4,62,1
5,39,46
5,73,42
5,71,2
3,120,44
1,67,33
3,32,13
5,255,19
5,11,7
4,30,1698
5,38,5
4,186,101
1,18,51
4,6,26
3,220,63
5,27,3
4,165,369
4,29,112
2,81,7
5,17,1
5,36,1
5,160,8
2,97,127
5,89,438
2,100,6
4,94,46
4,11,112
5,84,3
3,493,100
5,68,1
5,130,290
5,25,144
3,143,16
5,94,62
5,54,4
1,107,2
5,43,2
2,267,6
1,127,41
4,112,89
1,85,2
4,18,38
4,75,449
5,3,2
5,24,1
5,42,18
5,188,254
3,87,201
5,19,7
1,56,13
4,17,4
5,21,6
5,35,8
3,94,297
5,127,86
3,55,518
5,54,8
4,110,15
4,29,16
2,82,13
5,29,2
4,100,148
5,26,1
1,64,5
4,39,448
4,7,112
5,47,1
4,46,75
3,23,35
5,42,17
3,253,74
2,69,4
5,114,18
5,222,82
3,57,8
1,4,10
5,78,41
4,19,22
5,55,3
5,73,197
5,35,9
2,17,5
2,146,232
4,20,18
5,18,23
4,41,2
4,129,47
5,65,45
4,98,369
1,120,6
3,105,3
4,13,1467
4,45,29
5,77,369
5,132,19
3,225,15
5,1,20
3,25,54
3,31,6
1,245,6
2,185,122
4,103,293
4,447,46
1,24,145
5,34,10
3,150,136
5,9,4
3,75,584
4,143,13
4,96,26
2,64,2
5,35,3
2,23,59
4,45,65
4,75,44
3,159,180
4,32,20
3,357,3
4,161,48
5,113,5
5,16,17
2,145,14
4,12,71
4,59,1
5,42,2
5,60,56
5,88,14
5,56,30
2,25,162
4,31,66
4,46,61
5,147,44
4,21,20
4,18,6
3,178,244
5,104,7
4,180,2
4,138,70
5,48,14
5,39,8
5,7,14
5,9,1
5,48,16
4,94,23
5,51,19
4,204,141
5,35,19
5,171,306
1,33,1
3,35,180
3,48,72
5,136,18
5,25,1
3,112,14
5,34,200
2,24,29
4,43,78
4,41,448
1,82,1
2,28,139
5,232,125
5,46,19
4,89,390
2,120,4
4,64,376
5,35,5
5,120,54
4,141,73
4,19,160
2,36,370
4,38,5
3,49,376
2,170,10
5,42,134
4,33,661
2,104,30
1,29,2
3,106,8
5,236,23
2,64,112
4,56,19
5,21,71
5,10,3
4,14,8
2,160,5
5,21,153
4,34,22
2,198,10
5,9,18
1,48,5
4,65,19
5,60,110
4,22,87
3,137,5
4,41,26
3,34,904
5,12,69
5,104,67
4,194,60
4,38,2
1,207,50
5,16,6
3,143,9
4,84,17
5,14,3
2,144,80
4,71,4
5,243,7
5,42,4
5,66,17
4,75,260
5,215,33
1,44,1
5,22,1
3,148,83
5,21,8
1,127,18
5,14,3
5,117,3
2,113,7
5,130,244
4,155,5
4,74,670
5,71,82
4,17,2
4,11,55
2,79,325
3,246,9
4,44,7
5,29,12
4,28,7
4,19,153
5,84,6
5,41,1
5,49,17
3,14,26
1,33,1
4,34,236
3,158,297
4,72,94
4,18,17
4,22,1
4,97,54
2,30,21
5,29,7
3,34,4
4,99,83
1,100,8
4,20,7
3,50,63
5,196,24
4,120,6
1,133,13
5,19,1
4,66,68
4,100,232
5,7,30
4,10,13
4,114,10
3,182,122
2,4,65
5,51,72
4,10,50
5,43,161
2,46,169
5,163,171
5,168,518
5,10,15
4,34,2
4,82,17
3,108,247
5,37,3
5,68,12
5,126,263
5,41,46
5,24,8
1,46,20
5,164,9
4,8,4
5,17,16
4,5,56
3,64,195
4,180,1253
5,102,167
5,7,14
1,22,6
4,57,11
3,98,611
2,14,26
1,195,1
2,53,6
4,93,47
4,119,7
3,89,2
4,78,3
3,36,1
1,12,5
5,179,5
4,307,46
3,90,40
5,3,6
3,124,8
3,74,188
4,167,320
4,58,35
4,52,7
5,117,9
4,91,58
5,23,82
5,5,116
5,44,1
5,37,78
4,55,5
1,29,1
3,11,81
5,48,1
1,185,4
5,28,98
5,50,8
5,47,63
4,16,6
3,14,310
5,17,429
2,10,15
2,33,14
5,42,3
4,3,46
4,2,67
5,16,59
4,44,185
2,35,10
2,121,93
4,51,3
4,56,14
5,75,76
5,34,8
2,70,575
1,276,63
4,133,569
5,22,82
5,55,85
5,225,10
4,101,122
5,183,30
3,33,14
3,179,215
2,221,72
4,13,48
4,27,7
4,41,79
4,26,134
4,23,6
4,214,6
1,21,36
5,91,24
4,62,8
4,58,9
5,32,479
4,48,26
4,67,319
4,100,180
5,130,23
4,146,296
5,102,8
4,17,86
4,6,1
1,38,16
4,159,24
3,65,4
3,105,80
1,81,1
4,31,84
5,50,62
4,21,18
5,90,10
5,144,76
4,36,32
4,38,6
4,55,108
5,2,18
4,19,59
5,45,8
4,13,134
4,38,2
4,9,7
5,24,27
3,90,17
4,33,112
5,72,17
5,8,103
4,11,1
2,23,214
3,26,173
5,25,2
5,4,49
5,25,87
5,3,12
5,6,15
5,527,1698
4,58,461
4,66,253
4,173,17
3,38,33
1,49,1
3,26,1
4,37,7
4,94,166
2,210,103
4,75,2
5,120,24
5,130,10
5,65,21
1,154,3
1,177,3
5,41,3
2,9,53
2,35,17
4,196,10
3,27,232
4,39,97
3,91,38
2,236,3
2,145,19
5,18,21
4,188,43
1,113,2
4,29,2
4,109,232
5,16,14
5,99,9
2,2,21
4,154,31
1,210,39
1,31,4
4,15,114
3,57,82
5,57,53
1,25,132
2,58,20
4,62,19
5,87,5
4,32,18
4,49,2
5,19,6
1,35,1
5,82,112
3,38,66
5,37,11
1,126,73
5,28,44
4,34,17
4,80,42
4,76,376
5,190,992
4,29,29
5,135,3
5,5,11
4,165,15
5,97,27
5,15,43
4,2,58
5,17,12
3,71,79
2,20,6
3,60,42
4,32,32
1,25,21
5,19,63
5,73,76
4,153,584
5,122,143
4,32,16
5,13,27
5,41,87
5,7,12
4,66,377
4,6,29
5,203,377
4,104,278
2,165,15
5,84,55
5,39,6
3,47,50
4,82,7
5,114,394
5,110,15
3,16,216
3,124,21
2,49,123
5,116,21
3,22,13
4,58,30
1,75,33
5,17,4
5,22,3
5,31,2
4,98,714
2,158,32
3,16,14
3,12,64
1,38,6
5,62,5
5,47,14
5,29,76
2,281,34
4,9,160
3,95,37
4,66,145
2,23,5
3,73,289
4,102,73
1,289,180
1,146,1
3,4,5
3,84,45
4,189,82
3,38,21
4,10,9
1,333,17
4,29,24
5,32,8
3,81,275
5,89,1
2,169,48
5,127,151
5,161,91
5,75,1
5,73,3
4,122,112
5,118,1
4,366,58
5,128,11
2,174,4
5,174,86
4,60,15
1,32,8
4,82,285
2,14,95
4,17,38
3,7,44
5,27,22
5,45,18
1,105,1
1,14,7
5,148,15
4,54,60
4,85,8
4,4,6
4,41,3
5,55,1
4,99,94
3,151,482
4,193,156
5,17,19
1,162,4
5,30,5
5,19,101
4,27,15
3,107,569
3,94,4
3,62,23
2,103,7
5,101,103
4,107,290
4,58,67
5,17,42
1,82,9
4,259,189
3,34,147
4,45,16
4,101,64
5,109,219
4,30,3
4,24,61
5,193,120
3,48,1698
5,26,10
1,34,4
5,183,69
5,24,40
5,39,6
5,96,13
5,132,3
5,31,105
4,32,14
5,37,39
1,27,1
1,53,6
5,28,12
3,128,394
4,99,75
3,82,169
2,81,2
3,99,297
1,27,3
5,15,5
5,10,1
4,177,268
5,8,29
5,54,10
3,22,3
4,32,26
5,58,1
3,26,56
1,56,225
4,72,63
4,60,173
2,64,6
4,44,1
2,101,20
4,61,85
4,119,126
1,95,13
3,76,11
4,68,30
4,41,7
5,14,1
4,33,65
1,94,49
2,49,10
1,86,24
3,28,10
5,25,74
4,22,342
5,24,7
3,187,11
4,12,1
4,28,468
4,93,19
1,103,2
3,131,19
5,122,17
5,164,479
3,143,4
5,95,670
5,18,4
5,147,6
3,13,42
5,25,11
5,79,19
4,131,105
5,46,87
3,126,96
5,124,79
5,96,10
5,233,43
1,243,10
5,28,43
2,165,1
4,10,5
1,27,2
5,235,9
5,34,6
4,113,148
1,4,17
5,12,8
1,81,6
5,4,1
4,37,5
5,26,2
3,55,7
2,17,10
5,33,37
1,41,3
5,14,1
1,49,1
2,114,180
2,82,24
5,33,201
3,99,23
5,33,7
5,59,9
4,13,10
2,239,19
5,57,15
4,43,15
1,85,1
2,112,319
4,63,10
5,113,360
3,47,10
1,98,5
5,52,127
5,52,2
4,93,46
4,160,16
5,39,18
4,66,82
5,203,4
3,158,3
4,65,31
5,22,3
4,167,47
4,4,32
5,135,34
5,135,196
4,46,84
5,171,96
4,78,28
2,120,1
3,44,154
5,37,661
4,13,3
3,62,63
5,16,8
2,13,1698
4,94,482
5,33,68
5,21,31
5,31,61
2,47,311
1,121,2
4,92,37
5,47,4
5,5,2
5,87,1
2,77,72
5,189,43
5,31,4
3,27,36
5,104,681
2,56,13
4,28,1467
5,99,16
4,11,390
4,15,1
5,14,7
5,174,11
3,93,189
1,160,11
3,50,67
4,13,1
5,14,18
4,7,15
1,132,1
1,204,9
4,26,1
5,29,58
5,138,88
4,56,419
5,27,6
5,31,6
5,47,16
4,328,110
5,25,8
5,22,9
5,21,23
3,51,40
4,112,38
3,41,219
4,145,17
5,34,11
4,78,3
5,7,4
4,108,143
4,51,3
4,197,569
4,92,73
5,153,611
4,32,203
4,21,65
5,105,326
2,118,48
4,42,60
3,74,6
4,49,2
4,4,8
5,6,207
4,6,9
5,16,6
2,101,25
4,20,791
5,40,1
5,17,3
5,96,2
5,63,14
4,88,74
3,78,21
5,95,7
1,48,2
1,241,45
4,54,127
4,59,3
5,120,295
5,71,102
5,22,17
4,64,204
1,141,4
4,108,145
3,185,539
5,5,11
3,64,112
1,264,1
5,8,17
5,224,6
4,7,20
1,65,3
1,52,3
5,7,8
4,175,584
1,237,20
5,17,1
5,29,18
1,10,2
5,54,3
5,53,7
5,75,1
4,168,39
4,55,2
3,119,87
4,94,2
4,78,55
1,90,3
5,18,96
5,183,8
5,61,35
4,21,7
5,26,286
5,67,61
5,48,101
4,5,1
4,27,112
5,25,19
4,32,112
5,42,8
5,10,47
5,49,4
2,238,16
4,49,5
5,88,83
4,63,97
5,124,285
5,25,223
5,54,1
4,8,20
5,10,49
5,11,3
5,11,2
4,46,92
3,37,1698
5,78,10
2,109,323
5,14,28
5,121,3
4,167,229
5,12,93
5,40,13
5,66,289
3,38,112
5,17,7
4,10,173
5,64,28
4,15,11
5,16,1
5,17,12
3,127,139
4,9,28
4,88,3
4,139,18
4,112,18
4,116,8
5,67,1698
4,2,164
3,47,35
5,29,31
2,43,87
4,70,7
3,158,23
3,113,24
4,130,27
5,61,19
4,246,106
4,67,97
2,198,104
4,25,81
5,97,578
3,45,114
5,48,1
2,87,40
4,47,43
1,169,179
1,71,6
4,69,296
5,8,15
3,49,53
2,75,42
2,75,297
3,78,32
5,16,76
5,200,10
5,12,438
2,491,145
4,37,2
5,14,7
4,31,73
5,62,45
5,72,163
3,105,12
4,17,3
5,74,376
3,30,529
4,45,1
5,41,10
1,368,63
4,63,206
5,79,65
1,94,49
4,29,3
1,114,3
5,140,306
1,85,3
5,140,5
4,9,8
3,61,15
1,254,2
4,268,19
4,42,10
5,3,2
4,1,1
4,48,29
4,121,277
4,54,44
1,131,29
1,72,512
3,158,13
2,26,101
5,160,17
5,87,169
3,15,98
5,46,8
5,63,14
4,121,225
5,55,23
4,7,11
5,114,449
2,8,3
1,27,6
1,25,66
4,8,5
4,49,93
5,18,43
4,11,152
4,44,236
4,26,3
4,57,2
5,155,5
1,22,2
5,14,2
5,55,19
5,36,2
4,55,22
3,15,342
5,26,1
5,48,296
4,120,681
5,16,7
4,129,43
4,60,16
5,103,8
4,66,31
5,122,33
1,31,1
5,6,15
3,84,94
5,14,4
3,72,312
4,24,17
4,72,14
5,10,26
5,25,15
5,50,39
5,36,59
2,29,1
3,71,7
5,22,1
5,30,1
4,73,270
4,56,6
3,162,1253
5,45,25
2,69,306
4,12,29
1,82,7
5,40,5
4,73,174
3,49,4
5,84,6
1,102,2
5,50,76
4,173,254
5,11,1
4,31,16
2,136,44
5,37,2
5,91,253
4,127,222
5,76,3
3,37,295
5,30,7
3,103,142
5,153,103
3,122,1
2,19,2
5,66,34
4,71,73
1,104,21
2,98,163
1,87,2
1,10,14
5,111,2
4,27,32
4,24,2
3,46,70
4,42,31
5,79,225
5,37,4
2,241,290
4,79,157
5,8,1
3,30,59
5,47,3
5,109,3
5,43,17
5,188,51
5,69,24
3,92,15
3,68,49
4,189,5
4,22,310
5,78,319
4,111,258
5,5,82
1,238,108
4,195,33
4,70,377
3,20,36
5,111,76
1,154,26
4,6,17
4,14,27
3,58,13
5,59,247
1,143,6
3,128,296
1,45,2
5,355,49
4,24,1
3,7,227
5,239,45
3,38,37
2,161,103
4,80,319
3,84,189
4,40,19
2,286,19
5,57,188
5,83,350
5,279,277
4,31,39
5,126,140
5,271,49
5,16,6
4,134,4
1,170,11
5,52,3
2,143,82
5,69,1
5,111,7
4,54,47
4,16,12
5,30,12
2,37,209
5,51,3
3,90,49
5,13,17
4,59,129
5,7,5
4,25,16
5,92,1
4,100,15
4,211,539
5,13,8
4,48,6
4,55,422
4,27,174
5,255,110
4,95,109
4,223,11
1,56,11
4,64,139
4,77,10
5,82,57
4,74,3
1,78,8
5,20,63
3,30,77
4,16,5
2,116,51
5,93,139
4,7,17
4,85,4
4,56,3
4,29,1
3,88,109
5,39,8
5,27,17
5,42,6
4,126,103
3,376,4
4,51,86
5,1,71
1,77,10
1,57,30
4,94,116
3,241,63
5,39,4
2,180,46
5,71,83
4,29,78
1,9,1
5,44,5
5,39,1
5,35,5
5,247,122
4,56,151
1,49,2
3,129,74
5,14,12
2,51,24
1,118,42
5,56,1
5,134,44
4,40,168
3,41,725
5,126,180
2,46,115
5,37,7
3,32,152
5,20,7
5,110,47
4,96,24
4,116,6
1,57,19
5,38,25
4,16,13
1,85,2
3,74,297
3,8,14
1,25,45
4,105,611
4,77,20
5,98,319
1,73,44
4,43,405
5,5,6
5,185,2
4,87,681
4,98,7
3,74,325
5,33,67
4,11,31
4,53,48
5,24,2
5,209,37
5,127,11
4,67,297
5,47,11
3,46,102
3,87,86
5,18,1
5,164,12
5,198,535
5,68,41
5,39,44
5,65,15
4,154,148
4,138,10
5,32,2
4,254,83
4,120,219
2,67,136
3,38,14
5,100,13
5,206,125
4,47,7
4,49,3
3,188,37
5,7,6
5,18,16
5,49,77
4,10,34
2,70,43
4,126,128
4,106,180
2,228,611
5,139,1
1,37,3
2,38,6
5,46,4
4,8,23
5,48,15
5,32,10
4,42,29
4,27,4
4,52,14
4,129,73
4,21,63
4,133,83
1,107,286
4,20,4
5,122,306
4,27,18
5,105,163
4,24,7
5,30,2
5,195,7
3,5,29
4,74,73
4,119,29
4,32,28
4,5,50
2,146,325
1,22,3
5,60,18
4,59,118
1,80,2
5,79,215
3,114,18
5,19,1
3,110,4
4,27,138
2,44,131
4,51,122
3,45,39
3,44,10
5,70,2
4,28,23
4,61,19
3,83,232
1,91,9
3,77,61
5,30,10
4,103,7
5,84,3
3,72,95
1,15,4
5,5,10
4,35,207
5,84,6
3,40,8
4,16,87
5,98,41
2,23,45
4,17,7
1,27,51
5,54,5
2,85,69
3,56,36
4,182,296
3,114,32
4,95,215
4,18,67
1,25,1
4,46,134
4,112,112
5,103,14
5,69,39
5,56,41
5,72,2
4,115,143
5,32,159
5,37,23
3,19,65
1,43,17
4,21,12
1,118,1
5,70,22
5,163,30
4,106,390
5,82,3
2,186,166
3,124,13
5,124,115
4,201,23
3,37,76
4,32,12
5,74,16
4,71,15
2,101,298
5,10,2
5,42,2
5,174,24
5,125,10
3,38,8
4,16,4
1,165,47
2,27,20
5,110,12
5,98,114
4,22,17
4,28,15
4,37,670
4,102,25
2,145,145
3,42,1698
4,29,64
2,42,60
3,200,41
4,114,34
5,162,6
2,90,33
5,153,143
5,171,9
3,35,467
1,35,2
2,121,50
1,156,4
5,134,44
4,59,65
5,158,163
4,24,7
1,57,2
5,127,96
5,144,69
5,32,138
4,125,215
3,79,215
5,119,13
4,60,5
5,26,1
4,2,40
5,114,116
3,62,97
5,24,18
4,74,16
5,23,4
5,31,2
5,53,4
3,143,114
5,92,3
3,101,32
5,4,71
5,24,307
3,54,38
4,31,76
5,31,50
2,71,9
4,21,48
3,203,24
2,266,493
3,122,147
4,57,87
4,13,1
3,47,83
5,21,6
4,14,8
5,136,438
5,397,100
5,11,2
5,39,1698
4,134,39
5,67,87
5,150,285
4,5,6
4,161,59
5,147,1253
4,113,438
5,32,9
4,132,26
4,29,87
3,50,55
4,48,13
5,1,5
5,112,290
2,118,4
5,77,8
3,19,8
3,126,22
5,141,7
2,51,247
5,59,36
5,426,211
4,14,23
5,109,14
4,37,1467
4,48,1
4,64,73
4,8,58
4,13,17
1,24,6
4,68,319
4,6,53
1,203,4
4,29,36
1,85,1
5,42,29
5,82,199
5,196,8
2,136,3
3,46,15
5,74,670
4,42,14
1,32,4
5,63,15
5,40,1
5,33,23
5,23,8
5,12,1
5,57,3
5,190,139
4,72,13
4,29,4
2,159,57
5,28,4
5,107,7
5,40,63
3,102,236
4,52,112
5,22,1698
4,29,8
2,162,105
5,70,1
4,34,29
4,5,83
5,52,57
5,3,7
4,64,10
5,146,10
5,8,12
5,6,7
2,23,31
5,32,1
3,295,10
4,162,7
4,64,132
5,45,1
4,45,73
1,126,1
4,178,1253
4,63,216
5,155,103
4,17,5
5,17,23
5,23,1
5,92,9
5,81,2
5,17,51
5,104,12
5,59,77
5,187,4
5,46,23
2,57,1
3,21,24
5,39,9
5,58,46
4,25,87
4,175,99
5,41,12
5,13,65
5,53,34
3,91,114
3,27,66
3,14,13
4,83,31
4,23,67
3,38,14
4,11,18
5,100,22
5,29,11
1,260,1
4,76,650
5,4,3
5,17,6
1,44,1
2,163,9
5,59,1
4,89,584
4,29,9
3,16,4
5,103,5
3,18,376
3,62,16
5,71,165
4,43,19
3,110,27
3,179,23
5,310,58
4,60,10
4,105,81
5,41,6
5,100,176
4,91,104
5,8,5
5,26,59
4,173,122
1,234,25
5,36,30
5,157,75
2,143,1253
5,78,84
5,24,1
4,127,82
4,40,38
4,79,73
5,37,3
1,45,1
5,83,62
4,23,10
4,72,195
2,128,49
2,414,6
5,43,6
5,9,2
5,41,18
3,85,10
4,18,31
5,77,4
4,14,310
5,82,346
4,234,8
3,188,72
4,221,134
5,216,23
5,8,14
5,42,14
5,20,2
4,49,139
5,81,268
4,12,239
1,6,49
3,138,350
5,17,10
4,39,87
4,16,5
4,34,226
4,195,290
5,71,4
5,45,3
1,95,5
3,87,65
5,91,8
5,10,45
4,110,24
1,42,2
3,83,43
5,57,45
5,16,61
1,19,132
4,38,5
3,94,86
1,161,19
5,29,17
5,85,118
5,66,4
4,20,3
5,17,21
1,51,24
2,37,114
3,60,16
2,126,8
4,33,17
5,54,2
3,26,78
4,60,9
1,145,6
5,83,2
4,105,25
4,103,296
5,22,30
5,27,6
4,40,9
1,115,6
1,43,2
4,135,103
2,33,7
5,22,76
3,12,152
4,28,15
4,84,180
5,9,82
4,25,59
4,29,448
5,9,4
5,56,19
3,72,110
5,71,1
3,20,2
1,47,34
5,267,83
5,72,8
5,6,116
3,87,108
4,122,51
4,77,89
3,204,35
5,26,15
4,56,75
1,67,85
2,103,12
5,41,1
3,106,11
1,185,25
5,15,3
1,70,8
2,9,10
3,33,306
4,47,23
5,16,4
4,8,45
5,46,29
5,30,346
4,2,58
3,24,377
1,43,51
4,16,78
4,74,19
5,4,11
5,86,2
2,109,2
5,139,6
5,27,63
5,43,90
3,126,121
3,31,43
3,150,376
4,135,3
1,15,1
2,6,5
2,124,3
4,96,4
5,142,30
4,74,115
5,36,149
5,111,156
4,86,32
5,47,40
2,59,14
4,122,13
5,2,93
5,56,44
2,55,19
4,105,152
3,66,13
1,118,9
4,31,38
1,59,134
5,40,10
2,85,2
2,163,4
5,132,19
5,11,18
4,14,7
4,22,39
3,44,88
4,81,1
2,12,7
4,84,120
3,106,64
4,18,117
2,226,189
5,29,59
4,19,27
1,312,5
1,15,44
5,75,1
4,51,87
5,58,4
4,17,33
4,13,5
2,49,26
3,15,8
3,84,127
5,14,3
5,17,132
3,69,127
5,26,8
1,94,1
2,95,7
3,20,19
4,4,1
2,77,7
5,106,63
4,66,16
4,51,5
1,94,2
2,7,92
5,64,7
5,55,12
5,57,112
5,22,3
4,19,14
5,42,1
3,75,297
5,214,100
5,13,39
5,8,39
4,54,9
5,64,44
4,37,86
4,93,169
2,24,2
1,60,2
5,6,13
5,68,30
5,85,28
4,109,196
3,99,4
5,192,338
5,12,15
3,28,14
5,48,27
4,64,564
5,34,4
4,28,5
5,67,102
5,29,29
3,321,539
3,19,369
5,10,152
4,38,151
5,85,6
5,19,1
3,72,20
5,38,8
5,147,50
4,42,219
4,107,186
3,128,29
4,307,82
5,13,15
4,107,41
5,126,221
3,36,29
5,52,2
5,87,35
5,20,45
5,20,5
2,107,5
4,32,13
5,79,101
5,35,584
5,45,78
5,63,64
5,16,6
5,44,33
4,101,48
5,50,1
1,60,8
5,16,1
4,15,2
3,186,83
3,6,58
3,93,55
1,20,2
4,36,12
5,195,290
2,200,18
5,24,10
5,12,134
4,70,10
3,58,326
1,72,33
5,34,247
4,34,326
2,62,14
5,6,6
4,152,289
4,11,10
3,127,232
5,19,9
5,128,3
4,180,9
5,29,10
5,4,27
5,38,4
1,65,15
5,181,82
5,214,97
5,75,4
4,19,13
4,37,15
4,92,109
3,75,16
2,103,7
4,82,29
3,44,17
2,72,4
4,65,258
1,20,15
5,98,5
3,49,7
3,29,1
4,63,412
1,44,1
5,76,1
3,296,539
2,135,25
4,159,132
5,25,110
3,216,15
5,12,1
4,118,232
5,69,5
2,193,5
3,107,145
5,27,4
5,41,25
4,34,101
4,121,19
5,3,14
4,50,22
4,30,6
5,166,23
4,48,92
3,125,43
5,55,49
5,114,47
3,63,394
5,38,10
3,123,253
4,20,102
4,49,46
5,115,103
4,60,278
5,190,15
2,12,39
5,71,30
4,38,326
4,55,11
2,81,9
2,129,55
5,35,448
3,70,57
5,24,32
5,57,13
5,18,19
5,60,2
4,209,7
5,93,11
5,61,5
4,151,578
5,30,46
4,46,106
4,96,14
5,15,8
5,46,13
4,125,369
4,109,24
5,83,18
5,3,103
5,50,7
4,113,103
5,13,1
5,35,425
1,46,1
5,102,244
4,86,325
5,183,19
5,10,8
4,189,1
5,62,10
2,23,45
1,47,13
5,76,10
1,47,7
5,32,1
2,56,15
4,94,103
3,255,650
2,209,9
5,59,7
5,31,10
4,127,7
1,314,24
5,6,43
5,51,26
5,33,3
1,48,116
2,40,216
5,44,112
5,64,2
4,197,4
2,2,23
3,71,9
2,112,8
4,40,1
4,63,11
3,73,97
4,10,11
4,93,83
3,71,36
3,238,117
3,92,16
5,140,43
4,149,110
5,42,34
5,72,5
5,9,23
5,44,5
4,16,54
3,70,150
5,27,5
4,147,96
5,18,27
4,19,8
5,180,21
5,55,3
5,38,4
5,139,19
3,132,16
2,169,4
1,19,2
2,17,33
3,124,263
5,7,13
5,16,6
5,38,66
5,29,33
5,311,10
5,46,6
1,158,2
4,116,4
4,82,9
1,37,132
4,48,108
4,132,12
5,9,8
5,7,1
5,65,19
5,80,5
4,49,45
4,55,11
5,40,3
3,39,40
1,57,3
2,26,638
4,38,16
2,320,15
4,48,139
4,75,325
3,44,791
5,55,2
1,24,3
4,58,209
5,77,14
4,78,326
5,29,5
5,120,125
1,50,1
4,159,590
5,50,10
5,136,3
2,18,1
1,44,8
5,233,105
4,78,5
3,11,1698
4,78,1
2,125,19
2,252,122
1,66,19
2,102,32
5,86,75
4,104,30
5,15,3
5,48,4
4,62,584
5,72,2
3,500,2
4,139,21
5,49,3
2,61,139
5,16,2
4,25,2
4,6,12
4,87,42
1,131,6
4,10,20
5,88,169
3,134,137
1,111,13
3,4,3
4,18,15
4,225,265
2,177,9
4,81,114
5,205,8
1,109,10
4,49,34
5,67,13
3,75,31
4,111,234
4,15,3
4,143,196
1,39,8
5,11,1
3,268,620
1,67,76
4,54,12
3,117,35
5,34,32
2,40,7
5,96,360
5,88,83
4,60,512
5,65,4
5,23,189
3,73,216
1,182,2
4,390,22
5,254,33
4,53,32
5,40,564
1,41,3
4,118,323
5,12,11
5,58,2
1,108,49
4,76,319
2,67,87
4,39,1467
3,67,13
5,36,1698
1,190,1
5,62,14
5,106,8
5,24,2
4,61,12
4,179,10
3,36,46
4,6,4
5,48,401
4,121,94
3,67,188
5,30,9
4,108,25
4,29,13
5,33,65
4,32,10
3,39,47
4,52,33
5,8,357
1,131,72
5,104,3
3,42,26
4,87,10
4,27,101
4,371,1698
4,163,5
1,103,7
4,13,14
4,204,3
5,144,4
4,152,180
1,75,24
5,9,14
5,23,3
5,46,2
2,7,60
5,9,5
5,179,29
5,53,42
4,68,5
1,90,29
1,52,2
4,136,96
3,74,19
2,45,1
2,42,70
4,72,222
4,129,116
3,76,109
4,53,9
4,28,76
4,12,39
5,44,10
4,26,1
1,31,3
4,47,13
2,247,67
5,29,2
5,80,2
5,67,4
5,34,3
5,1,85
3,111,9
2,49,3
4,48,32
2,179,4
2,15,59
5,43,42
4,14,18
4,54,239
5,78,7
4,176,27
3,43,24
4,64,20
5,105,146
1,60,20
4,9,32
5,27,76
4,73,15
5,182,108
3,163,9
2,136,7
1,22,9
4,59,31
4,59,120
4,134,65
2,135,6
4,36,1
5,37,12
4,71,169
1,64,4
5,79,56
4,376,189
5,32,5
4,28,3
3,62,54
2,36,9
5,46,10
5,33,1
5,16,21
5,62,48
4,32,6
3,45,105
5,5,116
3,91,6
5,134,239
4,142,21
3,95,33
3,67,168
2,70,37
5,8,13
4,236,21
1,75,48
5,28,7
5,182,5
4,84,65
5,24,4
3,101,224
4,28,2
5,149,7
3,105,22
5,23,24
5,37,63
2,108,7
4,117,43
3,124,87
5,41,10
4,52,87
5,31,13
5,9,3
5,191,232
3,63,72
1,66,2
3,33,195
4,22,49
2,39,29
5,21,18
3,6,9
5,20,4
5,32,10
5,27,3
5,38,7
5,127,75
4,75,87
3,23,1698
1,399,19
4,7,12
2,107,1
5,47,219
4,80,26
5,5,1
4,65,20
3,268,26
2,53,6
3,88,95
4,44,297
5,75,4
5,21,10
4,83,5
4,107,103
4,357,66
5,9,95
4,29,13
4,73,481
5,39,904
2,226,7
1,72,87
2,34,8
1,95,18
1,159,24
4,16,19
1,41,3
5,51,109
5,44,54
4,56,83
2,67,32
5,37,17
4,179,6
1,59,2
5,117,20
1,112,21
4,148,53
5,99,116
5,5,134
5,246,6
4,24,75
4,92,7
1,107,17
3,14,48
1,106,20
4,22,60
4,33,91
5,76,36
5,52,1
5,43,17
3,63,15
4,85,51
3,24,7
5,166,592
5,156,342
5,23,23
4,86,215
5,31,8
5,89,4
4,21,26
4,141,306
5,5,3
1,3,49
4,20,15
2,78,5
3,217,215
2,32,36
4,14,51
4,151,98
4,258,489
5,103,72
2,48,115
1,40,5
4,33,75
5,54,6
4,22,1467
5,41,5
5,14,6
5,26,56
2,77,54
4,10,46
5,40,147
4,13,13
5,88,100
5,64,2
5,27,3
3,17,219
4,12,26
4,122,8
5,91,145
3,76,216
4,33,10
5,62,5
5,38,438
5,17,12
5,41,51
4,166,222
5,86,1
5,95,10
5,58,2
2,115,377
3,17,43
2,95,293
1,307,7
5,12,132
5,34,12
5,12,24
5,45,7
2,64,7
5,154,1
1,27,4
4,53,27
2,16,145
2,21,41
4,13,8
4,109,23
4,33,3
4,17,3
3,56,1107
5,35,76
2,19,74
3,50,275
4,73,1253
5,58,13
5,75,9
4,69,360
3,68,28
4,30,421
5,166,16
4,163,88
5,217,12
5,128,22
2,83,623
4,10,390
5,21,5
3,164,275
1,101,24
4,130,584
5,37,109
2,17,79
4,13,19
5,53,7
5,375,115
4,187,169
2,77,319
1,50,17
4,48,12
4,9,51
5,30,5
5,8,18
1,89,33
5,153,6
4,22,36
2,30,115
5,76,85
4,30,63
3,13,11
4,65,91
1,137,1
5,54,1
4,52,67
5,2,19
3,55,218
5,65,3
3,84,2
3,314,584
4,23,10
3,26,127
4,18,5
5,33,76
5,10,13
5,8,2
4,49,105
5,15,3
3,135,314
5,18,3
1,155,10
5,54,46
4,52,9
4,9,8
2,99,3
5,21,15
4,27,27
3,21,71
4,31,152
5,17,16
4,70,207
3,1,71
4,10,50
5,20,4
4,37,18
5,65,43
2,151,13
5,59,5
4,118,9
3,195,103
1,38,1
4,120,4
3,47,112
3,36,84
1,77,2
5,104,332
4,6,5
5,37,8
3,62,16
5,31,1
1,179,57
5,122,11
5,33,18
4,164,59
5,41,8
3,204,14
5,17,1
2,33,1698
4,50,12
2,104,7
5,32,112
5,38,3
4,32,1698
5,94,26
5,4,11
5,70,2
5,66,323
4,21,3
5,47,33
4,14,19
5,17,5
1,97,17
5,45,7
1,12,4
4,199,100
5,193,19
5,17,1
2,47,4
5,114,19
5,135,102
5,65,342
4,155,322
4,124,4
3,146,224
4,224,357
5,11,19
5,47,17
2,58,8
4,120,8
5,9,2
4,87,6
5,36,20
3,104,80
5,90,29
5,2,12
4,54,5
5,11,5
5,31,2
5,42,2
3,126,25
4,25,11
4,73,15
5,111,22
5,17,132
4,148,253
4,57,96
4,47,138
4,133,83
2,42,51
5,114,48
4,34,73
3,4,23
1,117,5
3,23,23
1,77,45
2,24,2
1,14,12
5,30,76
5,61,216
3,46,40
3,163,32
5,65,60
5,54,47
3,10,134
3,111,2
5,62,2
4,31,29
5,3,12
4,29,36
4,103,791
2,11,23
3,126,215
5,21,4
5,49,149
1,27,215
4,121,93
4,76,24
4,82,177
5,42,6
5,74,30
5,252,8
5,140,103
4,72,70
4,15,2
5,19,6
5,30,7
4,128,14
4,90,14
2,76,59
5,10,88
5,69,41
5,18,6
5,18,7
4,19,80
5,29,110
4,17,8
4,92,221
3,206,3
4,114,83
5,59,8
2,11,5
3,143,8
5,5,51
1,24,16
5,11,12
5,104,297
4,49,289
5,35,1
5,7,1
5,91,20
2,16,87
2,111,13
4,43,80
1,134,36
4,54,11
5,30,76
5,40,6
4,20,23
3,23,3
5,45,5
1,23,2
5,37,36
5,93,823
5,49,9
2,14,1698
4,20,4
2,161,46
4,41,87
5,81,22
4,149,96
3,107,28
1,48,10
5,13,6
4,53,112
3,50,23
4,14,49
4,63,6
1,91,239
3,56,204
4,200,10
5,89,43
5,21,2
4,50,132
2,90,4
5,95,369
1,78,23
4,63,12
5,152,27
1,12,189
5,60,130
2,46,32
4,15,7
5,220,17
1,43,4
3,95,18
1,65,1
5,21,18
5,84,50
5,21,4
2,33,70
5,29,19
1,45,12
4,10,34
5,121,74
5,42,3
4,13,51
4,29,115
3,42,122
5,37,4
4,6,18
3,80,83
4,97,28
3,94,143
4,28,36
5,49,14
2,18,40
4,19,1
3,49,323
5,64,112
4,44,38
1,94,14
5,78,176
4,165,539
4,107,35
4,47,17
5,592,1698
4,32,87
2,75,66
5,104,8
4,45,1467
4,40,17
5,3,15
4,46,670
5,18,188
4,244,103
5,121,189
5,44,4
4,49,26
4,247,22
5,92,36
3,60,438
4,45,48
5,13,10
4,111,408
5,195,215
5,57,268
2,72,69
4,96,289
4,50,7
4,119,482
5,90,83
4,55,143
2,53,3
3,74,207
5,49,63
5,18,6
4,31,8
3,75,5
4,106,19
2,63,112
4,34,136
2,40,86
5,33,83
5,6,8
1,157,9
3,15,105
5,33,4
1,89,23
5,34,1
4,5,20
4,56,26
5,53,27
5,20,41
3,41,512
4,9,136
3,94,147
1,100,2
5,7,3
5,24,4
5,5,42
4,19,143
1,60,120
3,62,46
2,191,25
5,44,25
2,149,22
5,18,53
4,74,30
4,67,70
5,164,412
5,86,9
3,7,239
5,31,1
5,57,3
1,60,3
5,76,1
1,74,1
5,46,12
1,41,6
4,4,1
2,108,2
4,39,289
3,3,173
5,12,2
5,12,1
4,268,222
4,7,6
5,240,38
4,127,1253
2,93,16
5,25,21
5,88,5
5,18,5
5,11,9
5,54,32
5,84,6
3,131,11
4,106,623
3,9,19
3,83,192
2,129,72
5,2,48
4,87,744
5,6,89
3,19,638
5,54,8
5,96,5
5,74,17
5,12,13
2,25,4
5,129,2
4,64,1467
5,15,1
5,191,43
5,167,320
3,80,232
5,24,112
4,47,297
3,135,31
4,57,13
5,6,8
4,58,6
4,42,19
5,46,7
5,63,100
5,142,5
4,131,14
5,29,41
2,2,67
5,163,2
3,90,176
5,65,3
5,76,3
5,5,4
4,121,317
3,45,449
1,52,8
5,10,22
4,197,5
5,4,6
4,181,2
3,16,176
3,66,17
3,15,16
5,139,580
5,25,7
3,51,112
5,65,36
3,357,115
2,40,134
5,43,44
5,209,82
4,51,105
3,31,48
4,87,2
4,24,342
1,69,13
4,19,2
2,63,2
5,205,33
4,63,48
3,69,46
4,110,57
5,184,171
1,140,10
4,27,153
5,17,15
2,47,4
5,28,147
3,5,133
4,106,524
5,17,21
4,133,20
5,4,1
3,115,60
3,133,51
4,43,7
3,199,75
4,5,13
1,221,1
4,445,73
2,43,134
5,30,7
2,101,234
5,31,132
1,56,10
3,240,539
5,28,32
1,65,303
1,16,17
1,58,35
5,23,215
4,34,81
4,96,21
4,6,2
3,18,1698
2,61,5
5,46,21
5,10,3
3,148,42
1,138,30
5,61,9
3,19,139
5,85,112
2,92,177
5,34,10
1,107,112
1,120,3
1,28,3
5,12,18
4,5,81
3,63,15
5,72,17
4,24,223
5,28,14
1,37,12
2,91,6
4,63,7
1,22,15
5,129,224
5,14,27
5,12,103
5,84,106
3,25,45
4,190,75
3,76,7
5,87,49
5,34,2
4,12,134
5,10,116
5,54,27
1,75,13
3,51,6
4,157,744
1,7,5
4,16,12
5,113,149
3,369,620
5,43,3
3,93,33
1,13,12
5,56,2
2,121,6
4,33,38
1,66,3
4,165,56
5,25,3
5,9,6
5,32,11
5,13,50
4,40,4
5,51,2
5,103,59
4,6,9
5,59,4
4,135,791
5,170,160
5,59,2
4,124,215
5,22,40
5,79,76
4,24,12
3,275,3
3,107,187
2,114,15
3,35,42
2,70,297
4,33,86
5,93,661
5,14,60
4,10,21
5,91,67
5,58,24
5,26,12
1,218,48
5,28,4
5,88,22
3,100,142
4,21,134
4,122,481
2,93,3
1,53,4
5,94,5
4,100,37
5,113,6
5,50,6
4,107,122
4,24,2
3,127,110
2,157,6
4,10,41
4,566,189
4,95,169
5,68,82
3,158,93
4,9,12
5,92,230
4,71,369
4,8,29
2,52,29
5,43,438
5,34,15
4,10,15
5,29,17
5,73,76
4,10,1
5,23,13
4,36,151
5,105,36
3,54,3
3,12,73
4,91,70
5,112,44
5,68,4
4,2,71
4,230,253
5,33,112
4,42,81
4,56,1
2,200,3
5,20,29
3,100,76
5,94,134
4,62,11
3,76,41
3,181,10
4,66,5
5,18,8
1,21,7
4,10,1
5,34,13
5,187,3
5,8,18
4,68,5
5,73,16
5,5,6
5,61,3
3,80,122
3,50,180
5,85,162
2,207,34
5,7,78
3,77,611
1,143,20
5,7,11
5,24,1
5,106,85
4,14,41
2,194,12
4,19,4
5,46,168
5,104,36
5,96,8
5,60,19
4,168,69
1,209,4
2,44,9
1,108,3
2,47,83
2,94,68
3,149,17
5,5,2
5,1,71
3,59,297
4,29,44
2,51,18
5,72,127
3,21,448
5,20,10
4,20,14
3,25,31
5,116,320
5,219,16
3,90,4
4,341,100
3,99,322
4,53,4
2,49,163
5,43,2
5,86,32
4,28,89
4,85,128
4,25,838
2,27,120
4,14,27
2,221,3
2,47,19
5,10,9
4,155,36
5,31,4
5,23,8
4,140,314
4,65,9
5,16,5
4,59,80
3,194,15
1,30,9
3,22,219
2,93,38
5,22,1
5,11,5
5,23,46
5,75,10
1,357,9
4,6,28
3,17,87
4,52,5
1,73,134
4,28,1
3,59,112
3,88,708
5,52,70
4,31,112
4,54,8
5,11,11
5,17,1
4,23,14
3,203,24
3,37,86
3,74,306
4,65,18
5,94,169
3,86,37
5,161,2
4,48,19
4,32,1
5,42,2
4,12,21
